date,lightgbm,lstm,ensemble
2018-01-16,-0.0018485058246727197,0.0299389359926196,0.024414955398055365
2018-01-17,0.06106956244599664,0.10986029960901462,0.09970291213372696
2018-01-18,-0.09402999575583036,-0.08332601150990643,-0.11929577929572552
2018-01-19,-0.027800553830570052,-0.1147036858059131,-0.08829739623433162
2018-01-22,-0.1975664190646705,-0.05426569432851557,-0.13698005764769422
2018-01-23,-0.32296848552073715,-0.21775468962790492,-0.31931356405287237
2018-01-24,-0.19750742607961866,-0.06270043491631155,-0.15947325505488455
2018-01-25,-0.04726763733495279,0.10834468215964504,0.03745702957908966
2018-01-26,0.08588096762048389,0.1456640161665861,0.13257110855394902
2018-01-29,-0.02811279720838929,0.08890524096120898,0.023267691036145163
2018-01-30,-0.020482574221676,0.03695690374730923,0.003036809648644192
2018-01-31,0.04890936552255153,0.042327461230944954,0.0722795630167382
2018-02-01,-0.09847639675984908,-0.09094802969731582,-0.13361815697498594
2018-02-02,-0.15028932693367358,-0.12128234415498836,-0.17672561732348577
2018-02-05,-0.21174521373626395,-0.04242630584720819,-0.17528281168424223
2018-02-06,-0.0684014498838823,-0.10492905153099327,-0.12411278389776287
2018-02-07,-0.17057059274673383,-0.2414334665905197,-0.2920053161591388
2018-02-08,-0.16741391811124304,-0.28371699688090324,-0.27667689001022017
2018-02-09,-0.16737020640865785,-0.21180204718183016,-0.22665692845956667
2018-02-12,-0.1411757236494536,-0.1613473619470193,-0.19009047363117154
2018-02-13,-0.11508472019988766,-0.061931643456486406,-0.10462874999360541
2018-02-14,0.07858409907628282,-0.06931204147080788,-0.011208158180682484
2018-02-15,-0.11567246559897855,-0.15595483899310283,-0.17154169516969264
2018-02-16,0.051604292195985654,0.022349866010631287,0.0383754678595194
2018-02-20,-0.11260696329951199,0.019318631111892106,-0.05670417291398654
2018-02-21,0.05401243565306742,0.15565324115191,0.14166275402690828
2018-02-22,-0.03472139691428165,0.21192285726837412,0.12705726010972995
2018-02-23,0.1289303806473172,0.10834468215964504,0.16415660586061792
2018-02-26,0.05406308023583271,0.19351579317313183,0.16074507694459939
2018-02-27,-0.08245925991149028,0.1202719325220753,0.038758817253679495
2018-02-28,-0.19279619018887936,-0.012564249000571102,-0.12576709863313618
2018-03-01,-0.12812368093563803,-0.10622501427755568,-0.16561048204752762
2018-03-02,-0.23261897313015545,-0.12294073716118262,-0.2531521142840278
2018-03-05,-0.1246770904414064,-0.14849756183279883,-0.20531041514409168
2018-03-06,-0.1608643105310769,-0.08591793700303124,-0.16869256265454527
2018-03-07,-0.2916297586091313,-0.22277379958704915,-0.33022424436565073
2018-03-08,-0.06902643052256367,0.03679216272020384,-0.031136823559269812
2018-03-09,0.12706707317758006,0.0459627465624039,0.12024294617121417
2018-03-12,0.011051980244989632,0.03456266748671089,0.03746252100697107
2018-03-13,0.05998272546926639,0.12000834687870668,0.11690023283398497
2018-03-14,0.108582872646242,-0.07675833589597153,0.038325517050096077
2018-03-15,0.11749348121410479,-0.12842112199622194,0.008292374869405083
2018-03-16,-0.06523603236992241,-0.22325703993322496,-0.1898326492012617
2018-03-19,0.15837366000490125,-0.2264639985942099,-0.025123558490410355
2018-03-20,0.19829134682699195,-0.12638931599525546,0.04258135022274639
2018-03-21,0.35235985297447836,0.019175855555067435,0.21456264848050158
2018-03-22,0.260931382622661,0.006512761938233098,0.16864730707778666
2018-03-23,0.17013594272594784,0.12445635461055221,0.18172632328725885
2018-03-26,0.14897279008093123,-0.08002020823265826,0.038320446394946125
2018-03-27,-0.060964713275137444,-0.18970478407942715,-0.1971136422117995
2018-03-28,0.04192082677773553,-0.12814655361771296,-0.05688617001004051
2018-03-29,0.0486422758848406,-0.08072310328164126,-0.017704363489662082
2018-04-02,0.1357570320076798,0.06932302420594826,0.1228336079373768
2018-04-03,0.17829532978713894,0.09411105741773931,0.1674039051057778
2018-04-04,0.07529731088810718,0.06746694196722752,0.06905622251109875
2018-04-05,0.061373518167128986,0.1570201643017177,0.12401768322899005
2018-04-06,0.07071634198884184,0.13563677898343804,0.12052552820935784
2018-04-09,0.059978826590140706,0.1570970434477002,0.14207185149778417
2018-04-10,0.10500819045116883,0.10339146861134296,0.13328464192087375
2018-04-11,0.08903064984324825,0.03828581469929271,0.09662538796502149
2018-04-12,0.053414104176607705,-0.0885208452312964,-0.010422844593398657
2018-04-13,-0.03687829087473223,-0.05756051487062338,-0.061130575175843145
2018-04-16,-0.07039513289107201,-0.04823617273645829,-0.06170768340600687
2018-04-17,0.09966538285527407,0.05747265298950051,0.13753943566671248
2018-04-18,0.11117417926509024,0.023459122259807584,0.10230614415359153
2018-04-19,0.15311249656975454,0.06237095286210078,0.134589775495038
2018-04-20,0.14857333965715985,0.14757501208100865,0.18577602541771224
2018-04-23,-0.05497935455076238,0.19762333611562624,0.05615857974751386
2018-04-24,-0.10048781064755904,0.21498704037253438,0.07559520378084349
2018-04-25,-0.1093727715625947,0.27090014497210385,0.10956707501215321
2018-04-26,-0.20450975794842874,0.2677810481922418,0.05158675680679837
2018-04-27,-0.06073583867830263,0.20602512849800114,0.09288328636357841
2018-04-30,-0.1305390218172985,0.23096692000175723,0.06685337728136737
2018-05-01,0.012171770506751903,0.24234503360716952,0.13948418314029157
2018-05-02,-0.14439733622612932,0.14369810657646181,-0.0058593696378149065
2018-05-03,-0.13867979106795122,-0.020724421209858103,-0.09087913720689463
2018-05-04,-0.16186225475066865,-0.134077230593507,-0.17973936980940267
2018-05-07,0.026802196105472,-0.16416992487809165,-0.08810115465737066
2018-05-08,0.14048495410084838,-0.1733624741905724,-0.009841044086662244
2018-05-09,0.14578404618143245,-0.05181654439221544,0.06332801574700167
2018-05-10,0.2771098896243324,0.012201818740939244,0.22600964371181098
2018-05-11,0.12909850636542297,-0.06300795150024162,0.06464048502930599
2018-05-14,0.08585583172984679,-0.171638184773536,-0.04661711528286841
2018-05-15,0.10948112298212552,-0.12271009972323507,-0.009071963407392192
2018-05-16,0.12911038801257857,-0.12006326055440847,0.0019934047411569364
2018-05-17,0.16063175147643638,-0.07803233317225322,0.062393946225127
2018-05-18,0.2712921341990676,-0.03611123314150156,0.14806435062106463
2018-05-21,0.17042024200783598,0.10159030004832403,0.1730363178894079
2018-05-22,0.04414395376146544,0.09072837499450863,0.07839034824724254
2018-05-23,-0.1408625563360271,-0.01514519175855555,-0.1084794535249862
2018-05-24,-0.13596303413732727,-0.03973553573782015,-0.12527835215779126
2018-05-25,-0.2740498476446019,-0.08935553310196372,-0.22305206324366822
2018-05-29,-0.2602112495906193,0.027698458023986294,-0.1519393297625452
2018-05-30,-0.08117805712457211,-0.06807099239994728,-0.09082297510761081
2018-05-31,0.016996727583804525,0.022844089091947458,0.03518926310602129
2018-06-01,0.16351718504633123,0.2277599613407723,0.22305569666192393
2018-06-04,0.22733471382577686,0.13843737644422968,0.19688461903665935
2018-06-05,0.14942177750069566,0.15022185124983525,0.1672162746701527
2018-06-06,-0.011606731093375778,0.1257852655625357,0.0765631693240349
2018-06-07,0.13346085459875717,0.09036594473487677,0.17398276215592612
2018-06-08,0.10274092978299432,0.09125554628124588,0.16551849119341935
2018-06-11,0.10919734448973668,0.08840003514475245,0.15989939705086245
2018-06-12,0.18568825070992284,0.06820278522163159,0.19248056717436765
2018-06-13,0.10335393435746276,0.005063040899705663,0.08634124643875755
2018-06-14,0.09859442877186815,0.05332117910644467,0.10410128418374619
2018-06-15,0.2776320314404558,0.14862935465448315,0.2588818689967385
2018-06-18,0.18877383238902007,0.16234679084479198,0.24366965231399654
2018-06-19,0.24264855784887007,0.10590651495848526,0.2218701521203696
2018-06-20,0.29513403836742286,0.06456749989017264,0.2417201632990441
2018-06-21,0.048412108103290864,0.010071168123709529,0.03873706408943373
2018-06-22,-0.16489440816583056,0.1698479989456574,-0.0002690814438506621
2018-06-25,0.08097660142971495,-0.1003821991828845,-0.006512976532657107
2018-06-26,0.05071964708990002,-0.0031081140447216976,0.02608991713743869
2018-06-27,0.07664482882664143,-0.04935641172077494,0.04490963708248138
2018-06-28,0.08667249652238151,0.17446074770460834,0.18271778499315358
2018-06-29,0.15924210599058342,0.11996441593814523,0.189318015852073
2018-07-02,-0.11730176135491596,0.0149694679963098,-0.0686212596399566
2018-07-03,-0.2692301720548385,0.1477287703729737,-0.05678183202083395
2018-07-05,-0.14698548703213807,0.04148179062513729,-0.06622734762718009
2018-07-06,-0.18749051515968518,-0.16368668453191582,-0.2453835786408086
2018-07-09,-0.2008907117965237,-0.01822035759785617,-0.18282061702786293
2018-07-10,-0.15203518587906856,0.07846065984272724,-0.08010894993399208
2018-07-11,-0.03202536258977542,-0.0439089750911567,-0.08247598180913035
2018-07-12,-0.17651769013141302,-0.15906295303782453,-0.23851533350407933
2018-07-13,-0.1630899828217695,-0.14549927513948074,-0.2158990440080405
2018-07-16,-0.06610895473299348,-0.1869041866186355,-0.17404627104903847
2018-07-17,-0.08396407256973287,0.015408777401924175,-0.048094321551108675
2018-07-18,0.022079401502923642,0.032728550718270875,0.045480754991087155
2018-07-19,0.19430179623527025,0.002504063612001933,0.14891613240301468
2018-07-20,0.31543233152725614,-0.09000351447524492,0.16017989968643206
2018-07-23,0.4291175459961412,0.03778060888283618,0.3999231192617759
2018-07-24,0.3406807812850404,-0.012564249000571102,0.23032336543692625
2018-07-25,0.13725371455644636,0.11464877213021131,0.17755982911747326
2018-07-26,0.15723034003292566,-0.06929007600052717,0.06680999571961989
2018-07-27,0.07784938561151022,0.02673197733163467,0.0966724236221139
2018-07-30,-0.015231048387643836,0.1957672538769055,0.11512091195465156
2018-07-31,-0.01346204354927116,0.22588191363177085,0.13212044003025428
2018-08-01,-0.037047449712607275,0.19226376136713086,0.09983195686639805
2018-08-02,-0.07015652720735974,0.15719588806396345,0.05145496181389192
2018-08-03,-0.14121679183571684,0.17166015024381673,0.019720421448702653
2018-08-06,-0.13643215085002192,-0.0068861749330053155,-0.134525355684556
2018-08-07,-0.07218976661332854,-0.09525326187233668,-0.10399894567914021
2018-08-08,-0.11531354059729475,-0.17343935333655494,-0.1790509558662638
2018-08-09,0.07436551868298225,-0.26817642665729474,-0.10370732407711675
2018-08-10,0.11133617345634478,-0.2709440759126653,-0.07681218727331444
2018-08-13,0.18246325327598992,-0.185696085753196,0.006765624919192914
2018-08-14,-0.12248357996868958,-0.12260027237183148,-0.1868104712976096
2018-08-15,-0.10700877734994198,0.037341299477221805,-0.076951378902182
2018-08-16,-0.1931615720025571,0.19570135746606335,-0.00813869837228265
2018-08-17,0.06919674088932763,0.2137350085665334,0.1745433778364026
2018-08-20,-0.03615320161705481,0.05838422000615033,0.0018286505055223653
2018-08-21,0.05254430658901854,0.14682818609146422,0.10416283408681301
2018-08-22,0.2497316468810379,0.1469380134428678,0.24862163652346198
2018-08-23,-0.03908132149435511,0.004612748758950929,-0.044854721898961586
2018-08-24,-0.11320307353418249,-0.14343452093309317,-0.17949879601804672
2018-08-27,-0.04453334580176507,-0.015881035012959628,-0.017918676777947888
2018-08-28,0.13319100944488896,-0.11185397315305186,0.026760021969584213
2018-08-29,0.10073426229833407,-0.17578965865659182,-0.028171721211264194
2018-08-30,0.1657087591696452,-0.13795413609805385,0.02705077374381992
2018-08-31,0.022855475953254763,-0.1127048280103677,-0.06538129939767313
2018-09-04,-0.2936333450642147,-0.07369415279181127,-0.240130477075546
2018-09-05,-0.12865944088874123,0.0049861617537231475,-0.0865398872171956
2018-09-06,-0.017760230828436883,0.145751878047709,0.06003811072692427
2018-09-07,0.019290223521698072,0.11900891798093398,0.06746990604876871
2018-09-10,-0.022448898420080556,0.2803452971928129,0.15182525854343493
2018-09-11,-0.026258918746813336,0.18370821069279095,0.08723778145981616
2018-09-12,0.10649852724726923,0.17170408118437816,0.16137792046385369
2018-09-13,0.06475480674733135,0.2101436541756359,0.19125731097799392
2018-09-14,-0.18896111487461575,0.21293326890128716,0.012367001202293755
2018-09-17,-0.14452364307469381,0.3217502086719677,0.08910184255370693
2018-09-18,-0.1187947025213029,0.2786759214514783,0.09397635355741059
2018-09-19,-0.19029999215979448,0.1417541624566182,-0.04265262303981815
2018-09-20,-0.04012439568444132,0.038714141369766725,-0.03265185087609568
2018-09-21,-0.0192930033863069,0.04327197645301586,-0.005722146410715899
2018-09-24,0.01962316209185357,0.017462548873171373,0.009439920047051294
2018-09-25,-0.033976422843309616,-0.0316961736150771,-0.05544740405361319
2018-09-26,-0.005232186707292286,0.01481570970434477,5.491533430841681e-06
2018-09-27,0.04873794414285997,0.08174449764969469,0.09431708667470587
2018-09-28,0.2815856210785148,0.18889206167904055,0.30506696837215985
2018-10-01,0.09523808575329609,0.1752075736941528,0.19005779712620172
2018-10-02,0.15390810795446916,0.0984931687387427,0.169477377961615
2018-10-03,0.05334630069568061,0.08656591837631243,0.08885801446429362
2018-10-04,-0.06716299950554751,0.0521240609761455,0.0029160362799415963
2018-10-05,-0.12269730450704693,0.07585775161446207,-0.03101009324631569
2018-10-08,0.06719867279346126,0.042118789263278125,0.062031509994634276
2018-10-09,0.10390748978034696,0.16463119975398674,0.144715598958767
2018-10-10,-0.09179274044572135,0.2547006106400738,0.12759332682453425
2018-10-11,-0.04655170063684126,0.13293502613890965,0.06353172471021085
2018-10-12,0.03514791235472296,0.15827219610771867,0.13549735176391947
2018-10-15,-0.019332812092954264,0.02744585511575803,0.02643660489327467
2018-10-16,-0.17107943441700155,-0.09515441725607346,-0.16206524459985375
2018-10-17,-0.06249101505975608,-0.15464789351140007,-0.14544835507050644
2018-10-18,-0.2040392823952837,-0.24555199226815447,-0.2873648747853668
2018-10-19,0.057195643673819456,-0.2035540130914203,-0.0812536210885421
2018-10-22,0.18839036612433682,-0.1716930984492378,0.02019752720513892
2018-10-23,0.0031849552973590425,0.08161270482801036,0.04581536020791273
2018-10-24,0.17424497411395184,0.1611277072442121,0.20319827796068995
2018-10-25,0.23607327320000993,0.23576637525809427,0.27641879077376186
2018-10-26,0.1735993182595525,0.18862847603567193,0.20215155328633824
2018-10-29,0.062210586222130194,0.1849602424987919,0.1408578325010891
2018-10-30,0.05821297901181211,0.2581052585335852,0.1896519533123355
2018-10-31,0.054485182414633924,0.17213240785485218,0.13451183596895652
2018-11-01,-0.02045112569551316,-0.048230813795633286,-0.029922872684655863
2018-11-02,0.11616834792916855,-0.12034881166805782,0.015535206820861734
2018-11-05,-0.03782402642298042,-0.08724684795501472,-0.07429352780758013
2018-11-06,-0.043582891028462134,-0.1325396476738567,-0.07784077648841113
2018-11-07,0.1511218167131826,0.01022492641567456,0.12149884269448269
2018-11-08,-0.0007400317196653452,-0.013256161314413742,0.00844586246208813
2018-11-09,0.04507480978210991,-0.01481570970434477,0.03224123542343489
2018-11-12,-0.003676928583339333,-0.024788033211791065,0.003025768454681801
2018-11-13,0.04009138280405818,0.012860782849360805,0.04103868007533625
2018-11-14,0.012949985807576588,-0.00919254931248078,0.018500823727692347
2018-11-15,0.06302563191465167,-0.08096472345472916,0.011059948329715144
2018-11-16,0.002122744058662636,0.13238588938189166,0.0601537616839246
2018-11-19,-0.004929905586237813,0.07534156306286517,0.006386495554809834
2018-11-20,-0.06302843263222169,0.010422615648201027,-0.0480786392211731
2018-11-21,-0.036578347374243494,0.015595483899310284,-0.0556902521937622
2018-11-23,-0.004513346715489683,-0.027171286737249046,-0.07789718782281711
2018-11-26,-0.1508711064741673,0.10539032640688838,-0.06434288381761645
2018-11-27,-0.18524375755001868,0.01022492641567456,-0.11811027947632737
2018-11-28,-0.18222449674534746,-0.07814216052365681,-0.14812943624807803
2018-11-29,-0.1593694668575748,-0.020208232658261212,-0.12708881336807906
2018-11-30,-0.3303127629075204,-0.14512586214470852,-0.28340238825524994
2018-12-03,-0.29308121222105804,-0.09429776391512543,-0.23738186380098097
2018-12-04,-0.23460084708044168,-0.1250054913675702,-0.21285674284104433
2018-12-06,0.03376773708721536,0.03686904186618636,0.03477219872615458
2018-12-07,0.09262236703722615,0.03761586785573079,0.08004986301679273
2018-12-10,0.23907307182034693,0.08316149881829335,0.1794403609347393
2018-12-11,-0.05360649024022258,-0.1135175504107543,-0.09158628567898501
2018-12-12,0.12092687461923658,-0.016935377586434125,0.060747176009587796
2018-12-13,-0.025703918052479666,-0.016550981856521547,-0.016315659428478478
2018-12-14,-0.12467193944876062,-0.06596230725299829,-0.13712471934435638
2018-12-17,-0.17664808178646849,-0.13488995299389359,-0.20643489055579778
2018-12-18,-0.08506536408206374,-0.14267671220840838,-0.15496387986420823
2018-12-19,-0.06831467155762998,-0.183038263849229,-0.14540482218182602
2018-12-20,0.01579989993196572,-0.09177173483284277,-0.03810554121301115
2018-12-21,0.114739559709908,-0.05954838993102842,0.028808505274479982
2018-12-24,0.07804591221258726,-0.0011202389843166542,0.047150435505391164
2018-12-26,0.31358153651055337,0.149969248341607,0.2854985476010179
2018-12-27,0.3327957734873,0.18949611211176032,0.3144160199093462
2018-12-28,0.2736333996251623,0.2281443570706849,0.2889597910386883
2018-12-31,0.21580448095590837,0.10048104379914774,0.18091757533688607
2019-01-02,0.18280958527084612,0.06246979747836401,0.1485595984757532
2019-01-03,0.07890055860391991,0.01482669243948513,0.06213001505025955
2019-01-04,0.25462943340365357,0.11776786891007336,0.2391068571122776
2019-01-07,0.15678678490567388,0.09740587795984712,0.16812144945046725
2019-01-08,0.13931489792275364,0.02295391644335105,0.11817942195747214
2019-01-09,0.20442685119081908,0.1346153846153846,0.2114289480695299
2019-01-10,0.2726543259976737,0.07408953125686421,0.2130871610773819
2019-01-11,0.018737376287362637,-0.06114088652638053,-0.02358025606820732
2019-01-14,0.04761614926507963,-0.11687826736370426,-0.029291276319434723
2019-01-15,-0.004443177778953665,-0.07513289109519834,-0.06186812527567157
2019-01-16,0.13130148975989026,-0.042459254052629264,0.039637235281863165
2019-01-17,-0.1436754369015732,-0.025007687914598252,-0.11230278376420057
2019-01-18,-0.013377263659346593,0.013860211747133507,0.0014167883934034793
2019-01-22,0.0806414907065872,0.10037121644774415,0.1411324091726312
2019-01-23,-0.030564556870401268,0.2742169309844924,0.17006238641589658
2019-01-24,0.08321813803858898,0.22633220577252558,0.19738930364892054
2019-01-25,0.24500582850167107,0.06804902692966656,0.19701974489830698
2019-01-28,-0.006653320094245619,0.0038439572991257743,0.01352549828504004
2019-01-29,0.06960238843148336,-0.039614725651276196,0.03161990220270424
2019-01-30,-0.003697003222000202,-0.08165663576857181,-0.05923086639537228
2019-01-31,-0.20185686406213169,0.03406844440539472,-0.11385408687986547
2019-02-01,-0.19081811450685943,0.17029829108641217,-0.025309991105413317
2019-02-04,-0.21881584342505705,0.12993673944559153,-0.04256581066725393
2019-02-05,-0.16178746374531397,-0.018319202214119406,-0.11118097527001351
2019-02-06,-0.23158084763680384,-0.0024711154065808548,-0.1427422123673275
2019-02-07,0.08716991565911546,-0.12100777577647938,-0.02565602150690838
2019-02-08,0.07926367259231809,-0.062272108245837544,-0.0016968745114311061
2019-02-11,0.20169181917021037,0.0680380441945262,0.1712818683390507
2019-02-12,0.013460816227562424,0.09434169485568686,0.12761704456682033
2019-02-13,0.03227097472910995,0.0803606730220094,0.10639758377086353
2019-02-14,-0.04235825005629933,0.05159688968940825,0.02112581309215361
2019-02-15,-0.19710208897910003,0.04557835083249132,-0.06579406203491417
2019-02-19,-0.11513059099658321,0.10785045907832887,0.018962525279700337
2019-02-20,-0.14375766478666407,0.148288889865132,0.006990664471757898
2019-02-21,-0.08522485557806533,0.15108948732592364,0.05211493845904429
2019-02-22,-0.23684356039154997,-0.061437420375170235,-0.20896383011038763
2019-02-25,-0.2239512730234998,-0.1005469402099899,-0.23880769140135452
2019-02-26,-0.19874302087844975,-0.2899332249703466,-0.32678837678395556
2019-02-27,-0.2287134889461226,-0.39065588894258224,-0.4052894888687301
2019-02-28,-0.09071184109991569,-0.4399793524579361,-0.36800153760806936
2019-03-01,-0.1195348829057653,-0.2287044765628432,-0.24502258421134226
2019-03-04,-0.1875657676704178,-0.15128717655845011,-0.24422081592735695
2019-03-05,0.02096015597226886,0.11765804155866977,0.08897187024093384
2019-03-06,0.05951007355056838,0.24568378508983876,0.1623114708935966
2019-03-07,-0.10002686173801514,0.16954048236172736,0.0369629025605737
2019-03-08,0.07766558965339684,0.09581338136449502,0.11084873293969642
2019-03-11,0.07580869728482278,0.05639634494574529,0.08539789842901245
2019-03-12,-0.14002952244158073,-0.19847998945657427,-0.2370404543057091
2019-03-13,-0.15823999786919196,-0.21918244519615165,-0.2405025754941813
2019-03-14,-0.1487302455116869,-0.04803848350393182,-0.1051403216694497
2019-03-15,-0.29069356047589995,-0.06080042173702939,-0.21335295604849602
2019-03-18,-0.22764898745231257,-0.13698765540570224,-0.2735140839619011
2019-03-19,-0.22683014932274517,0.02774238896454773,-0.15987808580992727
2019-03-20,-0.04479128582630106,0.0658524799015947,-0.020746728466689828
2019-03-21,0.09707393345680802,0.10384176075209771,0.1048871365181749
2019-03-22,0.28973555593054157,0.2715041954048236,0.34476755850054275
2019-03-25,0.26295546614551496,0.298378948293283,0.36459288642456633
2019-03-26,0.16500367666982851,0.268154461187014,0.2954438745527023
2019-03-27,0.34910046289401536,0.20353204762113958,0.3303542255592026
2019-03-28,0.2771352986219509,0.11872336686728463,0.24296124644659128
2019-03-29,0.028748087427911878,-0.05259631858718095,0.00252060000241708
2019-04-01,-0.08798373063005911,-0.1856082238720731,-0.16842163068074564
2019-04-02,-0.04624255034475215,-0.017737117251680357,-0.03426698042501651
2019-04-03,0.029943154682311325,-0.1148684268330185,-0.0561672497040376
2019-04-04,-0.0025888499343308877,0.10026138909634055,0.09065848074552206
2019-04-05,-0.0932661563265024,-0.0739028247594781,-0.07651290501571312
2019-04-08,-0.005460803761947523,-0.060701577120766154,-0.025507542435160516
2019-04-09,0.0782802929215686,-0.22269692044106665,-0.0818890719582512
2019-04-10,0.011317070856107631,-0.21273557966876072,-0.1391876419635366
2019-04-11,0.08037622888390465,-0.12936563721829283,-0.03311385566243124
2019-04-12,0.10551833498384322,-0.05166278610025041,0.023443613708231024
2019-04-15,-0.17282894240869215,-0.126191626762729,-0.19917408925869842
2019-04-16,-0.14931725175107663,0.08875148266924394,-0.027095597952517078
2019-04-17,-0.05370825453690897,0.18286254008698327,0.08047731754349906
2019-04-18,0.13239923764332745,0.17871106620392743,0.20965346062779483
2019-04-22,0.06874813445223707,0.13365988665817335,0.10344837056174758
2019-04-23,0.1034144958286326,0.14768483943241226,0.1433415799981837
2019-04-24,0.2018498530845549,0.09950358037165576,0.18903246003410903
2019-04-25,0.20478411365182983,-0.06776347581601722,0.08488695834782725
2019-04-26,0.03679901259804643,0.22602468918859553,0.15451949482036428
2019-04-29,0.0139881168577573,0.19875455783508325,0.12504152953167083
2019-04-30,0.004740119669985277,0.22360848745771647,0.1089727925165792
2019-05-01,-0.15020789079039457,0.032893291745376266,-0.0604992270851048
2019-05-02,-0.27318784660348305,0.07828493608048148,-0.10753284551647738
2019-05-03,-0.38072547231551285,0.010444581118481747,-0.2400274574988735
2019-05-06,-0.3469486156317901,0.019022149491981524,-0.2085837688023076
2019-05-07,-0.40676485102069926,-0.16384044282388086,-0.3749749449800276
2019-05-08,-0.3094924761500282,-0.31815885428107016,-0.4306303388210596
2019-05-09,-0.33857619633779856,-0.4197162061239731,-0.48361207144552826
2019-05-10,-0.15501606392575898,-0.3986293546544831,-0.36061108611635534
2019-05-13,-0.16298767731454486,-0.44679536637300593,-0.4028709817112479
2019-05-14,-0.07623228165402116,-0.3764881606115187,-0.29152972383534936
2019-05-15,-0.20116719263882143,-0.3536330887844309,-0.34669866371405517
2019-05-16,0.11882533317102412,-0.20265342880991083,-0.05512310442772824
2019-05-17,-0.23886994178088952,-0.10509379255809867,-0.1904712220400044
2019-05-20,-0.23308964293886264,-0.09977814875016475,-0.18815382674806605
2019-05-21,-0.14024655357378746,-0.005809866889250099,-0.0721034379776389
2019-05-22,-0.1868876136778064,0.012531300795150024,-0.08941692019298005
2019-05-23,-0.11977961673729341,-0.0781201950533761,-0.10154832086356493
2019-05-24,0.21322667293151432,0.1548016518033651,0.22515527100655097
2019-05-28,0.03129823630325232,0.07377103193779379,0.06546934249055922
2019-05-29,-0.044652452965045254,0.06225014277555682,0.0069247285856262235
2019-05-30,0.11443592999040136,0.1719896322980275,0.15878463719093644
2019-05-31,0.03305032407959069,0.2740192417519659,0.16158482174049366
2019-06-03,-0.1678308141817004,0.10712559855906514,-0.04739651404443965
2019-06-04,-0.13389966096177258,0.176986776786891,0.022471354799004157
2019-06-05,0.11111820193250878,0.2527786319905109,0.21217521196816716
2019-06-06,0.08858202345057178,-0.02075736941527918,0.032004656834945314
2019-06-07,0.02836153997117351,-0.13155120151122435,-0.06846238332239254
2019-06-10,0.16179869134524075,-0.10271053903264069,0.018105138301124698
2019-06-11,0.24274673218684392,0.023986293546544833,0.16081690706973714
2019-06-12,0.20071366097618515,0.08031674208144797,0.1926267205195519
2019-06-13,0.18296769970310403,0.15946931423801783,0.24636395840915604
2019-06-14,-0.03569057255397462,0.11759214514782762,0.07752755308925645
2019-06-17,-0.13855388504145577,-0.05774722136800949,-0.11565232918308459
2019-06-18,0.20106723371814492,-0.0014936560802017824,0.13428721273083857
2019-06-19,0.30218633748269197,0.0942208847691429,0.24310684733201657
2019-06-20,0.2730513682265057,0.03348635944295567,0.17310675641315773
2019-06-21,0.2552734267286046,0.20645345516847516,0.28431474844743226
2019-06-24,0.14710590197273155,0.18084171682115713,0.20837223096005822
2019-06-25,0.1574231953207497,0.025622721082458375,0.10100361100362953
2019-06-26,0.23653971300439086,-0.01774809998682072,0.1606671170948272
2019-06-27,-0.0226686765369259,-0.05853797829811536,-0.042818661912492506
2019-06-28,0.10221335042481287,-0.15005711022272986,-0.01866156293355728
2019-07-01,0.13723552055911659,-0.03248693054518297,0.08076974869447526
2019-07-02,-0.13624157757079278,-0.033222773799587046,-0.10591233115358976
2019-07-03,0.029565685354338907,-0.05671484426481571,-0.0021198075744029475
2019-07-05,0.07725340743565948,-0.014057900979659975,0.04362713751160076
2019-07-08,0.014299756730349474,0.0008896015463691078,0.030150257134980495
2019-07-09,-0.06649203451427582,-0.015342880991082018,-0.04551470391895982
2019-07-10,-0.11189821145344798,-0.0596362518121513,-0.09741229729212302
2019-07-11,0.09279389355211085,-0.13550498616175372,-0.04908066448366497
2019-07-12,0.1990851331419396,-0.09412204015287967,0.064994261292824
2019-07-15,0.24414527482795384,-0.10045907832886702,0.08307911152164969
2019-07-16,0.1843142854116061,-0.008313930501252032,0.12149735456100193
2019-07-17,0.1847640751837094,0.010631287615867856,0.10851895828546713
2019-07-18,0.011015834576810405,-0.18870535518165443,-0.1199510138099286
2019-07-19,0.03871984536282386,-0.14683916882660458,-0.08244178454745173
2019-07-22,0.0911417290528457,-0.10055792294513026,-0.016035365679705933
2019-07-23,0.0132511065542172,0.022745244475684226,-0.006051952349152248
2019-07-24,0.15107757621588547,0.06393050125203181,0.12309466653132767
2019-07-25,0.2062959047859006,0.11151869261520889,0.18773613936050848
2019-07-26,0.21037660213677245,0.002690770109388042,0.13398611175336567
2019-07-29,0.03980725141195713,-0.2070025919254931,-0.11340421350109033
2019-07-30,0.0994225747822295,-0.20175284452840136,-0.07753564335781671
2019-07-31,0.030494485141463853,-0.16503756095418004,-0.09177183973139212
2019-08-01,-0.09226671792298298,-0.13347318016078724,-0.16552621787585295
2019-08-02,-0.24633928694840457,-0.11513201247638712,-0.2503734381466445
2019-08-05,-0.12510365363971898,-0.0010104116329130606,-0.12988895864589367
2019-08-06,-0.2980137179251772,-0.061020076439836576,-0.24278253464253963
2019-08-07,-0.3321023281713688,-0.1474212537890436,-0.3107939282548477
2019-08-08,-0.30739830590957873,-0.13571365812942054,-0.28861087758956794
2019-08-09,-0.03236709804138087,0.005293678337653209,0.00018123652866173945
2019-08-12,-0.16138163946676728,-0.060734525326187234,-0.15771725608493142
2019-08-13,0.09267933730342091,0.036550542547115934,0.07239185367445983
2019-08-14,0.20319819003837344,0.2674625488731714,0.300883644844356
2019-08-15,-0.14749385648693014,-0.03812107367218732,-0.09290511814222464
2019-08-16,-0.24940830189884183,-0.20024820981417213,-0.2522743702264374
2019-08-19,-0.38202555697077434,-0.2820695866098493,-0.4230167252620176
2019-08-20,-0.3573866366590677,-0.1328581469929271,-0.316211482702983
2019-08-21,-0.20537714712471994,-0.007204674252075737,-0.11467154344177682
2019-08-22,0.11395168132451171,0.34169485568686025,0.2952540999762315
2019-08-23,-0.0038220023228692666,0.17808505030092694,0.12697645654655002
2019-08-26,0.11104155340826283,0.3119645916619075,0.2714881193687341
2019-08-27,0.29198230676620945,0.3804858762026095,0.42740445266559657
2019-08-28,0.20948584043412344,0.21153846153846154,0.26112218682512983
2019-08-29,0.30621681136961376,0.28527654527083424,0.3821166349645102
2019-08-30,0.31001600738158686,0.3415520801300356,0.4179830698324522
2019-09-03,0.3519446465708832,0.1960967359311163,0.3568290416389903
2019-09-04,0.2507365316985786,0.20723322936344066,0.2820214300382847
2019-09-05,0.03685826153386381,0.19884241971620611,0.12698560918264845
2019-09-06,0.09459429776391512,0.14632298027500767,0.15675010785814902
2019-09-09,0.08968001625588944,0.09079427140535079,0.12750767505901117
2019-09-10,0.08568204345363385,0.049762772920968236,0.09912353932771245
2019-09-11,-0.023481216674434095,-0.0747155471598647,-0.0897742877056187
2019-09-12,0.007363984569379847,-0.11185915740456003,-0.0495411636104462
2019-09-13,0.040702128185498565,-0.14848657909765847,-0.06944196566732369
2019-09-16,-0.016303959847145656,-0.28030136625225144,-0.18618903946104726
2019-09-17,-0.08405156436907378,-0.11671352633659887,-0.13083162673655008
2019-09-18,-0.08590766189662813,-0.028082853753898872,-0.07119575835566115
2019-09-19,-0.09674717948895221,0.0001208100865439529,-0.08075039008813714
2019-09-20,0.019472442869101176,-0.052255853797829814,-0.030694540348299562
2019-09-23,0.02351422962422409,0.014277555682467162,0.019357974270865178
2019-09-24,0.022372138617111462,-0.029027368975969775,-0.013586501393158954
2019-09-25,-0.0415373885976818,0.04509511048631551,-0.023959823520499406
2019-09-26,0.09398081285837208,0.059196942406536925,0.08951863189575965
2019-09-27,0.10991032547680038,0.14198479989456575,0.14721985794636522
2019-09-30,-0.02236091014184433,-0.11416553178403549,-0.08263586869035547
2019-10-01,-0.11718803629831687,-0.002624873698545886,-0.07818339081574431
2019-10-02,0.06309153463127284,-0.04329394192329658,0.005678495049668899
2019-10-03,0.20765285389820076,0.15292951535860086,0.22384477761958071
2019-10-04,0.3294527243172416,0.22472872644203312,0.34436515153031766
2019-10-07,0.4005612239536046,0.48195536616438955,0.5392973362210977
2019-10-08,0.3125518256776385,0.42100118613539517,0.4308873445490491
2019-10-09,0.3169313985363076,0.3254074594737073,0.3732457602645569
2019-10-10,0.1331839660973992,0.13238588938189166,0.15086340641208265
2019-10-11,0.24929435153231685,0.0689825594165971,0.20538308259637747
2019-10-14,0.10917966980357292,0.10990423054957607,0.11931782318490762
2019-10-15,-0.011120171993041411,0.20058867460352325,0.123595444515018
2019-10-16,0.054606309049729865,0.061766902429381015,0.06687352427915329
2019-10-17,0.014964017715256827,0.1840706409524228,0.12301820493347236
2019-10-18,0.1295032769830832,0.25903879102051575,0.2633107994589527
2019-10-21,0.1494986326434741,0.13358300751219085,0.1882360699443435
2019-10-22,0.18241224794622854,0.16387339102930193,0.22008896764485072
2019-10-23,0.08602823676840143,0.13297895707947108,0.1680080628782792
2019-10-24,0.1790749715193712,0.11123314150155955,0.23435655269303513
2019-10-25,0.040202522748721235,0.15784386943724465,0.16175295555137584
2019-10-28,-0.12766436485379767,0.09086016781619294,-0.03563622395067962
2019-10-29,0.07243133712449085,0.1559109080525414,0.12167509220476405
2019-10-30,0.32656793134048673,0.21648069235162326,0.33064241595433647
2019-10-31,0.1424958883277796,0.21842463647146684,0.2553345733455568
2019-11-01,-0.05923021586773764,0.0756600623819356,0.01695334130704641
2019-11-04,0.10227207204772149,0.10674149590794943,0.14074904018267012
2019-11-05,0.0699003854992912,0.07625333944736011,0.10704489110124724
2019-11-06,-0.01277851759354728,0.0770658524799016,0.0368277400700202
2019-11-07,-0.044820911301475246,0.037000834687870666,0.01084598699806294
2019-11-08,0.04778588059570355,-0.030718710187585117,0.025010709643133434
2019-11-11,0.002597438256015412,0.0035693987210704357,0.010214476563165051
2019-11-12,-0.029362584259861328,0.030905416684971224,-0.0005217057037042933
2019-11-13,0.010433655678537133,-0.028049905548477794,-0.013219137344490437
2019-11-14,0.0010323827724026216,-0.06904845582743926,-0.05749260004009924
2019-11-15,-0.08754482403810726,0.21875411852567764,0.09719785293351671
2019-11-18,0.11222861976384559,0.08430347493739841,0.11216462269793455
2019-11-19,0.0027786777671109193,0.16239072178535344,0.12362947427760484
2019-11-20,-0.00820963959969106,0.02420594824935202,0.007326007344677445
2019-11-21,0.023047396254115973,0.05366164389579581,0.041947903158440554
2019-11-22,0.0973624816739281,-0.19805166278610026,-0.0546096078632064
2019-11-25,0.13171117444721744,-0.160941000746826,-0.025728752554605723
2019-11-26,0.04284925880078863,-0.30370557483635724,-0.18906295128078374
2019-11-27,-0.04046599873164314,-0.25798444844704127,-0.1901422379171491
2019-11-29,0.030944026183450917,-0.3165224267451566,-0.21708662067203421
2019-12-02,-0.029598633740692184,-0.07481439177612793,-0.08544746129695319
2019-12-03,-0.12488673869493384,0.00255897728770373,-0.09294956320756738
2019-12-04,0.05649000840269026,0.1842024337741071,0.15181837228052245
2019-12-05,-0.03529321318208324,0.04305232175020867,0.0012631081831952096
2019-12-06,-0.1013272708317722,0.09305671484426481,-0.03243451050280688
2019-12-09,-0.03183372002139819,0.12493959495672802,0.07509329011048128
2019-12-10,-0.06853794682720017,0.16438957958089884,0.07862067854208925
2019-12-11,-0.1211240922049301,0.20437771822694725,0.055116207760776734
2019-12-12,-0.1819080410536894,0.15639457780936308,-0.0005381880097364036
2019-12-13,-0.002630379510536467,0.19467996309800992,0.1095068898596654
2019-12-16,-0.10958054073686238,0.16922198304265695,0.027557725492493745
2019-12-17,-0.0354306926908498,0.07481439177612793,0.022879298904668516
2019-12-18,0.12205830266139825,0.07497913280323332,0.13271167658703983
2019-12-19,-0.09226697126343124,0.14279752229495232,0.0221702945024307
2019-12-20,-0.14640428124416366,-0.12260913024462725,-0.18686979663954095
2019-12-23,-0.11329333754725997,-0.04497430039977156,-0.11508973949613309
2019-12-24,-0.06612777454792518,-0.07892193471862233,-0.08577195065076629
2019-12-26,-0.11254619638506239,0.011663664719061636,-0.0429676453274753
2019-12-27,0.0543154149033741,0.09076132319992972,0.12236122426236289
2019-12-30,0.047494968520828,0.16192944690945832,0.14897192623742822
2019-12-31,0.1340351397561258,0.10128278346439397,0.16616690894956374
2020-01-02,0.03957639474269943,0.04628124588147432,0.05093043893784897
2020-01-03,-0.04254723275515959,-0.03462856389755305,-0.051249382325125936
2020-01-06,-0.07947721750382887,-0.027665509818565217,-0.05769674353919557
2020-01-07,-0.07620412623739989,-0.19156086631814787,-0.21698253130044523
2020-01-08,-0.10603368982114501,-0.1440495541009533,-0.16678748801263346
2020-01-09,-0.15737247601869325,0.02350305320036902,-0.11483534751150688
2020-01-10,-0.1775927776847617,0.068795852919211,-0.08497153842706939
2020-01-13,-0.23457054524441692,-0.1439946404252515,-0.26648653501234854
2020-01-14,-0.16349807801857652,-0.029763212230373853,-0.14856920133592216
2020-01-15,-0.1860590268727823,-0.1199973641435663,-0.2104855613553779
2020-01-16,-0.2380911849176749,-0.19440539471950094,-0.2876701428353542
2020-01-17,-0.06739043288789878,-0.1662566445547599,-0.17553166694807584
2020-01-21,-0.10061311287300388,-0.014244607477046084,-0.10840525126713876
2020-01-22,-0.19010277237289264,-0.10763080437552168,-0.19917019339104636
2020-01-23,-0.1622941052258498,-0.186827307472653,-0.25514984148085307
2020-01-24,-0.21931115529982462,-0.03487018407064095,-0.1807053581236502
2020-01-27,-0.1208337108814238,0.060229319509730705,-0.04758138940208944
2020-01-28,0.1806894468835753,-0.00918156657734042,0.11789160394916845
2020-01-29,0.15040389230497556,0.18373017616307166,0.18962184394909784
2020-01-30,0.11285982581871436,0.08127224003865922,0.10784658328011679
2020-01-31,0.04532087874497322,0.07234327636954707,0.058375801831223456
2020-02-03,0.17987073250025462,0.1268615736062909,0.17293693540726393
2020-02-04,0.046967795786639135,-0.006710451170759566,0.020215111681067724
2020-02-05,0.02613905317359829,0.12307252998286693,0.0809127609644311
2020-02-06,0.012657671757383205,0.1278060888283618,0.06494872256639797
2020-02-07,-0.10127291298894173,0.10673022009401222,-0.01562980542917204
2020-02-10,-0.06752753242000484,0.025073584325440407,-0.05675355837415566
2020-02-11,-0.15371478307723635,0.007874621095637658,-0.12555603168954282
2020-02-12,-0.1210811582747602,-0.048807274963756975,-0.1146075316912096
2020-02-13,-0.22966249685628026,0.03935114000790757,-0.11966412788936502
2020-02-14,-0.21956804665822566,0.013530729692922726,-0.10856689423298303
2020-02-18,-0.23962526293607128,0.03217941396125291,-0.14141674884254424
2020-02-19,-0.109779134777244,0.08519307648376752,-0.0206553020731512
2020-02-20,0.002289944289428216,0.15597680446338355,0.06884394250670399
2020-02-21,0.040642057750306784,0.1538022229055924,0.08366489021748397
2020-02-24,0.03996617317576769,0.0598778719852392,0.051981217846218716
2020-02-25,0.03199288314903018,0.06619294469094583,0.06024959853853956
2020-02-26,-0.13623134288199037,0.04377718226947239,-0.0728795409879966
2020-02-27,-0.2003498049353693,-0.03690199007160743,-0.1355575700050942
2020-02-28,-0.1965733114148042,-0.1427535913543909,-0.19109203707894912
2020-03-02,-0.27441914106337323,-0.20577252558977288,-0.28901873840849307
2020-03-03,-0.3314378599243165,-0.18521284540702015,-0.3222456538297985
2020-03-04,-0.3774742246939607,-0.2597746342749198,-0.3756222806343113
2020-03-05,-0.11108029818748362,-0.2210934411105742,-0.1845265883988322
2020-03-06,-0.089317829247549,-0.24823177964240214,-0.19554603725646738
2020-03-09,-0.36973986968296085,-0.3059350700698502,-0.42852278858811577
2020-03-10,-0.33867198986724656,-0.2652110881693977,-0.3678385011620701
2020-03-11,-0.19211031401113451,-0.08321618415850283,-0.17167146314983456
2020-03-12,-0.170734921852264,-0.05702236084874577,-0.15063471582362156
2020-03-13,-0.21585021303266308,-0.134077230593507,-0.21108502588878364
2020-03-16,0.19271120777866776,0.039790449413521944,0.11983062663669926
2020-03-17,0.6099276763596431,0.2519109959144225,0.508991161785855
2020-03-18,0.5507093571961273,0.3381035012959627,0.5211639281610531
2020-03-19,0.44876318305053675,0.19625049422308133,0.36533328995087416
2020-03-20,0.38213199198359654,0.13998594209902035,0.3248844703161373
2020-03-23,0.20024052588919478,-0.04462285287528006,0.11305004508554387
2020-03-24,-0.22130393597763448,-0.06755480384835039,-0.18533346585322164
2020-03-25,-0.01170775638971076,0.10005271712867372,0.05085876693696244
2020-03-26,-0.17547905977167322,0.027687475288845933,-0.09104114110366818
2020-03-27,-0.14288146204637647,0.03599042305495761,-0.07733137857574038
2020-03-30,-0.03667195677621881,-0.07222246628300312,-0.09555506188243788
2020-03-31,0.1254959459540619,-0.10110705970214823,0.008231966840555112
2020-04-01,0.35945338180173414,0.032234327636954704,0.2614423966290794
2020-04-02,0.6124601868583556,0.17245090717392259,0.5366239422899605
2020-04-03,0.2978379893379139,0.0929798356982823,0.25028693844238814
2020-04-06,-0.10830283279641074,-0.06377674296006677,-0.10683237354263145
2020-04-07,-0.1915200905252182,-0.008204103149848438,-0.1056640667422232
2020-04-08,-0.049735725760531896,0.005095989105126741,-0.033889276420618245
2020-04-09,0.06388178054442897,0.06400738039801432,0.06644334009598152
2020-04-13,-0.08874147456356676,0.1935487413785529,0.06928441999719126
2020-04-14,-0.1680687958529192,0.06487501647410271,-0.07041371753388054
2020-04-15,0.28781592785259996,0.015551552958748847,0.19694377783884812
2020-04-16,-0.23000107082048327,0.02813776742960067,-0.15591526315811474
2020-04-17,0.1634857483480671,-0.006380969116548786,0.10007468685118046
2020-04-20,0.27110555869180736,0.010422615648201027,0.1853108836693318
2020-04-21,0.3741350906998159,0.021745815577911522,0.282292659507361
2020-04-22,0.2443602416844328,0.06462241356587445,0.2205715589262659
2020-04-23,0.19249757005594104,-0.08719193427931292,0.0963354530077446
2020-04-24,0.03194921513852589,-0.16661907481439178,-0.09121040009027719
2020-04-27,-0.10848345566544844,-0.24615604270087424,-0.25274176163174317
2020-04-28,-0.012471135446742157,-0.11215569125334973,-0.06804364921570984
2020-04-29,-0.016639117854438903,-0.0500702895048983,-0.04726286209538108
2020-04-30,-0.24487857114269612,-0.007204674252075737,-0.15691766150800046
2020-05-01,-0.17414655180098135,-0.021581074550806132,-0.1358892197433261
2020-05-04,-0.07483230415356908,-0.02587532399068664,-0.05961690542613
2020-05-05,-0.18711044972089003,-0.13088125466766243,-0.21039133666002166
2020-05-06,-0.27688708654002525,-0.24225717172604666,-0.3305701165159786
2020-05-07,-0.4059627235891034,-0.39603742916135837,-0.5059143980164997
2020-05-08,-0.06621836473045387,-0.09604401880244257,-0.09778051167655821
2020-05-11,-0.049270984985630734,0.05713218820014936,0.008177095358689991
2020-05-12,0.0652606665121461,0.2156020735403945,0.1730606597387488
2020-05-13,0.10212364030429702,0.19507534156306286,0.1865809962944929
2020-05-14,0.26099253471879363,0.2441352194350481,0.3181343909581003
2020-05-15,0.4065832685707141,0.294743662961824,0.4458204171755873
2020-05-18,0.298829492560708,0.3096033036067302,0.358306173090671
2020-05-19,0.21499530485909302,0.2081997100557923,0.24755346177234883
2020-05-20,0.3423887974466875,0.22914378596845758,0.372944654349071
2020-05-21,0.23672512309927365,0.20345516847515704,0.29273181616797217
2020-05-22,0.16127907394776328,0.0965711900891798,0.2018446876745945
2020-05-26,0.09253528899808909,0.04031762070025919,0.07062164005163486
2020-05-27,0.023613139890057987,0.26187233668672844,0.1921365008147611
2020-05-28,-0.009917491522967937,0.21886394587708122,0.17181690896627605
2020-05-29,0.07117988819882132,0.048433861968984755,0.11482927848395537
2020-06-01,0.2830109416496116,0.038670210429205286,0.22997355773688086
2020-06-02,0.2740559523381356,0.15850283354566622,0.27872237707004194
2020-06-03,0.13374372605171217,0.15915081491894742,0.16268788724042327
2020-06-04,0.3152157500051783,0.04217370293897992,0.21534127431518812
2020-06-05,0.3267434391778078,-0.029664367614110617,0.20281633061451323
2020-06-08,0.18332482166962297,-0.15808548961033256,0.01896900657628061
2020-06-09,0.13083362851072178,-0.16181961955805474,0.007122831798279073
2020-06-10,-0.11255292394210553,0.10525853358520405,-0.05944813473174629
2020-06-11,-0.10965245894661253,-0.17677810481922418,-0.18083009035739722
2020-06-12,0.08680608129473598,-0.102842331854325,-0.0005107420607565002
2020-06-15,-0.24457022034649786,0.07958089882704389,-0.13413773604937798
2020-06-16,-0.24412292235145178,0.057033343583886134,-0.15733731019220126
2020-06-17,-0.06533790594500745,0.04768703597944032,-0.06035278100895069
2020-06-18,-0.15836021921427398,0.13025523876466194,-0.05511545098498749
2020-06-19,-0.13410367888489153,0.09530817554803848,-0.04955187498403574
2020-06-22,-0.18634727402362217,-0.004678645169793085,-0.1616938787476297
2020-06-23,-0.3145639814526075,0.1550213065061723,-0.09371035696668768
2020-06-24,-0.28047842923122357,0.07446294425163642,-0.15569230698920808
2020-06-25,-0.21438652179448672,0.12599393753020252,-0.0447248904160818
2020-06-26,-0.20355075728018127,0.05780213504371129,-0.08865785809598223
2020-06-29,-0.21338217087365036,0.02606203048807275,-0.10998347008384947
2020-06-30,-0.17518897535093275,-0.021756798313051884,-0.12535456105190215
2020-07-01,0.03487644152406474,0.028181698370162104,0.03816867275771576
2020-07-02,0.09451452235590449,0.0028005974607916355,0.07557231177804034
2020-07-06,0.19135482136766468,0.03744014409348504,0.16622640633261546
2020-07-07,0.15109746790920345,0.12138118877125159,0.18267340380204286
2020-07-08,0.24590199947324082,0.24839652066950754,0.353028723103951
2020-07-09,0.18353399871574438,-1.0982735140359354e-05,0.14933340760125327
2020-07-10,-0.1354793892544813,-0.1365922769406493,-0.1330580171191203
2020-07-13,0.04982962705580728,0.09690067214339058,0.11456783093290193
2020-07-14,0.014211737313712685,-0.17243992443878223,-0.0787120059392272
2020-07-15,0.07270061448850164,-0.09469314238017836,-0.017216713714421662
2020-07-16,-0.017995260936842797,-0.17392259368273075,-0.13403406468907983
2020-07-17,-0.18491234332382547,-0.14405544099975498,-0.22069064029899382
2020-07-20,-0.18763814490521036,-0.22367438386855862,-0.24756235247781905
2020-07-21,-0.0930470095062191,-0.10968457584676888,-0.12886821592711517
2020-07-22,0.03913148530510038,-0.18102842331854324,-0.08274801624648728
2020-07-23,0.024167641390127326,-0.23657909765848087,-0.12568921231958616
2020-07-24,0.08192638761415208,-0.21216447744146202,-0.07788770186771088
2020-07-27,0.05810997073172629,-0.2214668541053464,-0.10728613226222851
2020-07-28,0.11879089410047991,-0.03402451346483328,0.054752542789630536
2020-07-29,0.3221710909464935,0.0221302113078241,0.2465230588273668
2020-07-30,0.10201453585912607,0.2744585511575803,0.2674205007632689
2020-07-31,0.09025434322170058,0.4181028920382474,0.37724782796767864
2020-08-03,0.07628163415078432,0.5144532794447129,0.3816367558756063
2020-08-04,0.16294209549507396,0.4413851425559021,0.40752364950773906
2020-08-05,0.16469386579916295,0.4231538022229056,0.4088351682520321
2020-08-06,0.07109751678060018,0.38219918288450555,0.2794324807710376
2020-08-07,0.023728590181198186,-0.15028774766067743,-0.10274209625911644
2020-08-10,0.2255238179334244,-0.2789944207705487,-0.04398422757633129
2020-08-11,0.20289186547443297,-0.22946228528752802,-0.06083389197479913
2020-08-12,0.19552592519332862,-0.13534024513464835,0.00033500285705533885
2020-08-13,0.07476579060538129,-0.12234766946360322,-0.04392212861291513
2020-08-14,0.010620363201205692,0.1189979352457936,0.08357497506013355
2020-08-17,-0.08417763573489248,0.026633132715371436,-0.057461069962723904
2020-08-18,-0.21982185809279564,0.025985151342090233,-0.13043000752483294
2020-08-19,0.022278967605594495,0.10416026007116812,0.08748733466217802
2020-08-20,0.0865656561688876,-0.025600755612177655,0.04043593718637534
2020-08-21,-0.1576484803814647,-0.19514123797390504,-0.24865316120122394
2020-08-24,-0.15756856873114033,-0.15481263453850547,-0.19244509034237206
2020-08-25,-0.02393713413506111,0.010697184026710011,-0.04465693134991638
2020-08-26,0.0634203264666427,-0.05169573430567148,-0.004475796388278677
2020-08-27,0.15613142013271988,0.1729890611958002,0.20754043554237775
2020-08-28,0.10492442443485513,0.054540262707024556,0.11916380003894228
2020-08-31,0.1568847117645607,-0.16848613978825286,0.004052840700868714
2020-09-01,0.2341492883052403,0.026083995958353468,0.18577473456863866
2020-09-02,0.00833614774801767,-0.012289680622062118,-0.028996968610691624
2020-09-03,-0.0482255872395927,-0.2541514738830558,-0.17445672812471394
2020-09-04,-0.2259289462408443,-0.13217721741422483,-0.2155643248207661
2020-09-08,-0.039363419718453745,0.04583095374071959,-0.008989837706398489
2020-09-09,0.058562194917429575,-0.014090849185081052,0.009297115041595026
2020-09-10,-0.0003734211972345146,0.05473795193955103,0.03201731032506767
2020-09-11,0.010236049676557625,0.03527654527083425,0.01622283614069466
2020-09-14,0.05247073747827688,0.07341958441330229,0.05665299232960459
2020-09-15,-0.18815983485124316,-0.12178754997144489,-0.2102742793848022
2020-09-16,0.025299286112638365,-0.19269208803760488,-0.09201815553354495
2020-09-17,0.13404578410230952,-0.08272196107718666,0.03193414377595792
2020-09-18,0.180369415535995,-0.043689320388349516,0.0808252767762343
2020-09-21,-0.021609421396554016,-0.0010982735140359354,-0.045761953333792675
2020-09-22,-0.0046348669422956144,0.049180687958529194,0.03683781316566344
2020-09-23,0.06849627264485347,0.03219039669639327,0.04256604443808252
2020-09-24,0.2262097296485014,0.17748099986820717,0.21153851463070847
2020-09-25,0.22692239062219474,0.24515661380310153,0.2822936953947102
2020-09-28,0.25677382522258096,0.41827746782058606,0.3823441390438612
2020-09-29,0.2165821549727114,0.3227354472385393,0.3076709698068921
2020-09-30,0.3251827809469014,0.29132687173735,0.3437960098154273
2020-10-01,0.09251262302251397,0.05824146306500782,0.0748319641523525
2020-10-02,0.1678300788862379,0.06171198875367922,0.14611117038301505
2020-10-05,-0.03651689147745173,0.03835199245177861,-0.001408300437426651
2020-10-06,-0.0821959462516615,-0.011931487062130305,-0.02839005654539635
2020-10-07,-0.011981478322973551,-0.11764365014367474,-0.05802837938760269
2020-10-08,-0.07850783371408895,0.005617432729527165,-0.025637469326789716
2020-10-09,-0.2968771671690053,-0.08538549112438851,-0.22906219993598634
2020-10-12,0.07213426085629936,0.12414647806076336,0.12648031580070415
2020-10-13,-0.009719562354210955,0.0862433036736907,0.043774671930011735
2020-10-14,0.156611080891031,0.1346173895864942,0.1807532273551691
2020-10-15,0.23802601643258892,0.24716165506577153,0.29370532380241116
2020-10-16,0.05153181797018542,0.14479602173778985,0.09458017710444895
2020-10-19,-0.06850049477837011,0.03320080832930633,-0.04172623493011843
2020-10-20,-0.07738246065376815,0.1176250933532487,-0.004470286994558839
2020-10-21,-0.18209945695538643,0.05974607916355489,-0.08114797823535688
2020-10-22,-0.17893608169248088,-0.16813469226376138,-0.2203029979729009
2020-10-23,-0.13200858862515846,-0.11704300839080965,-0.16221060492905154
2020-10-26,-0.03967278091011125,0.158420413829907,0.07525872186066361
2020-10-27,0.09983649541766801,0.019647986974437225,0.08491411501120238
2020-10-28,0.043652561251098024,-0.014182644232565737,0.01080763896297877
2020-10-29,-0.08643463805001979,-0.1597548653516672,-0.14311319748212953
2020-10-30,0.22365367696201127,0.26990071607433114,0.2994985596927344
2020-11-02,-0.015134420011925984,0.31988314369810655,0.1859063266830257
2020-11-03,0.027068696065257976,0.2558647805649519,0.1616558199082471
2020-11-04,0.12059813623398144,0.18405965821728243,0.19912514669796222
2020-11-05,0.14608240133128877,0.25736773424730264,0.280134428678118
2020-11-06,0.007874225800090983,0.08119439378250246,0.07875813506881468
2020-11-09,0.21462522074476914,0.11688925009884461,0.21962018563960312
2020-11-10,0.029692142735202074,0.2010790354104557,0.1371065827376507
2020-11-11,-0.0007468379415968901,0.2809932785660941,0.1951776378960845
2020-11-12,0.015395325390339063,0.32213917414848264,0.2034780753227355
2020-11-13,0.0417000074707129,0.2729319509730703,0.1882961698495679
2020-11-16,-0.14439996052921894,0.35750999428897773,0.11906540061879868
2020-11-17,-0.12201699052870159,0.2494069323024206,0.07837405313133468
2020-11-18,-0.12890990712091624,0.28786847076395905,0.13363917635762296
2020-11-19,-0.012301323752640984,0.2376554057022361,0.16242398378320708
2020-11-20,0.216543928396416,0.05611079383209595,0.2047263416195455
2020-11-23,0.12685474385403328,-0.03696788648244959,0.049581486249607336
2020-11-24,0.13422170774227635,0.21008215085884988,0.244762631583094
2020-11-25,0.017945257363198696,0.2941214125680145,0.21083236686470302
2020-11-27,-0.07033613042824997,0.3260748959778086,0.1769308136686831
2020-11-30,0.0652042868581342,-0.04576976421636616,0.015412397710773811
2020-12-01,0.12582353985503067,-0.09136882534940788,0.05356942825675633
2020-12-02,-0.06607417208742226,-0.17848074255841245,-0.1580971792749251
2020-12-03,-0.15481540956846834,0.08504214232369572,-0.027842388346071674
2020-12-04,-0.08546493330231268,0.13883495145631067,0.058891627619632105
2020-12-07,-0.16997986211719265,0.08515950069348127,-0.029917391130934376
2020-12-08,-0.24556433975941244,0.22587218606636084,-0.01413717867026678
2020-12-09,0.008257805706965392,0.2506881468046517,0.1585099120151254
2020-12-10,0.09051603421847085,0.07986770511042356,0.11006873989916416
2020-12-11,-0.12915357491688575,-0.14705003734129948,-0.18826021121757489
2020-12-14,-0.1022140782412636,-0.07471460578256695,-0.11756515282114641
2020-12-15,0.04725325139766853,-0.20264589779152886,-0.11878430953666419
2020-12-16,-0.054668245690145306,-0.23897364771151178,-0.20185654523273208
2020-12-17,0.057260673697611154,0.0571641950282727,0.06065132567822937
2020-12-18,0.020703359429978176,0.1874426544329457,0.15709015679870048
2020-12-21,0.12154254043816817,-0.019310786301077562,0.06644954276460406
2020-12-22,-0.04597320986201427,0.0775525445428358,0.028450557012761113
2020-12-23,-0.029969459746873848,0.13140936733169742,0.08148883176917927
2020-12-24,-0.030769394908124283,0.04689000320068281,0.022790077386390904
2020-12-28,0.06243515231571091,-0.1359116611543796,-0.0519775707395501
2020-12-29,0.03523961175626467,-0.11909740744692202,-0.053644405452789444
2020-12-30,-0.027760662969966904,-0.08849887976101568,-0.06183515612960135
2020-12-31,0.025797641084550803,-0.16240264589779152,-0.08517812166175479
2021-01-04,-0.0824126875755222,-0.1685372879547637,-0.1483321117722714
2021-01-05,0.1345257750425152,-0.0035420889789821827,0.08059194304310159
2021-01-06,0.03786951314830804,-0.05067747786194388,-0.00410260242392711
2021-01-07,0.03368736630457782,-0.027867278352715245,0.01814398896150651
2021-01-08,0.2715039781935887,0.07074575909527366,0.24067198086823652
2021-01-11,0.19639108589891374,0.08922436786514457,0.20819696227889425
2021-01-12,0.27462298023862786,0.0715886055691881,0.24670623718927362
2021-01-13,0.11049912380960661,0.08270564387069242,0.14385817998409123
2021-01-14,0.12084031288531329,0.1682385575589459,0.19557099165758612
2021-01-15,0.16631769316511233,0.21983356449375868,0.2374262120181462
2021-01-19,0.18870028170905762,0.2652832604288915,0.2782129969904702
2021-01-20,-0.12946143984822692,0.3037341299477222,0.13657581552358483
2021-01-21,-0.20194400621808722,0.3037234610050144,0.11251833907295906
2021-01-22,-0.20982945424837196,0.12431452043102528,-0.04452577351117771
2021-01-25,0.022020873954140006,-0.02110316867598421,0.00034675728630372286
2021-01-26,0.13806255785055657,-0.15931932145524377,0.00471052667052591
2021-01-27,0.11456402350753653,-0.042195668409260645,0.07072361416054267
2021-01-28,0.15782693236608195,0.12580817241011416,0.21781681763003943
2021-01-29,0.26745653038728623,0.16972154059532701,0.2812902609900484
2021-02-01,0.2824815357655236,0.046783313773605034,0.1970792602369634
2021-02-02,0.13286317858948318,-0.030982609623386323,0.05851144709715617
2021-02-03,0.0919136768967617,-0.19029126213592232,-0.07064528805375454
2021-02-04,-0.028342197494255254,-0.013368185212845407,-0.034228615886732004
2021-02-05,0.0635340622078022,0.03646644617518404,0.07774096690690284
2021-02-08,0.007468299734981622,-0.010540915395284327,0.0026353975556542265
2021-02-09,0.02269290166684074,-0.08953376720367012,-0.04251981966020685
2021-02-10,0.01836188709236843,-0.08827483196415235,-0.048590123674618936
2021-02-11,-0.0011255884668192207,-0.014328390056545397,-0.00996012218968625
2021-02-12,-0.014008396502901243,0.030566520857782994,0.017764926842770392
2021-02-16,-0.23337903221836498,-0.13310572922223407,-0.21557330297615482
2021-02-17,-0.24337992104982395,-0.17934492691774245,-0.24267400774783604
2021-02-18,-0.028054059676989998,-0.1833777872612824,-0.11435171377621121
2021-02-19,-0.07339718712601358,-0.1924037127920623,-0.13149534693156004
2021-02-22,-0.3106324299393049,-0.12409047263416195,-0.25729284573364697
2021-02-23,-0.448895764429745,-0.17584551370959137,-0.36564709842429777
2021-02-24,-0.3406806785447562,-0.06589139016323482,-0.24001387361038146
2021-02-25,-0.43983783207084176,-0.13531420036274405,-0.33244241100800564
2021-02-26,-0.5434482832374175,-0.15599061133041717,-0.4303998056571126
2021-03-01,-0.4259323472061578,-0.16606209324655927,-0.3446083103697116
2021-03-02,-0.30321216049441174,-0.21062626693694655,-0.28728500763063913
2021-03-03,0.05383043758978539,0.033831217326362954,0.05955673873763383
2021-03-04,0.025227051467242155,-0.010146191577416804,0.00046946102754093455
2021-03-05,0.5237465259144505,0.28027312493331913,0.46462809000958066
2021-03-08,0.26776274028938785,0.1654646324549237,0.2416398822968761
2021-03-09,0.3031588156385894,0.3357302891283474,0.3654923892638906
2021-03-10,-0.3639389736477115,-0.13842953163341512,-0.28472887273273445
2021-03-11,-0.12793129200896192,0.1460898324975995,0.012483428805264906
2021-03-12,-0.040840821617614646,0.13764002987303958,0.07158747191558865
2021-03-15,-0.11424303851488317,0.03573028912834738,-0.05012616911765235
2021-03-16,-0.29600981542729116,-0.0014936519790888724,-0.1619998036676418
2021-03-17,-0.14492691774245173,-0.017486397098047585,-0.09577742835222769
2021-03-18,-0.23439196199795845,-0.08971513922970234,-0.182581070777356
2021-03-19,-0.35186360751384843,-0.26541128774138484,-0.36656948635057063
2021-03-22,-0.2751100904471816,-0.273658380454497,-0.3239102260693253
2021-03-23,0.1915405502030358,-0.19989331057292223,-0.023830164093605364
2021-03-24,0.39763255530002556,-0.02238344180091753,0.24115828567651362
2021-03-25,0.45290316041759415,0.11075429424943987,0.3369281377021914
2021-03-26,0.577829937053238,0.17833137736050358,0.4374133115393327
2021-03-29,0.43813080123759734,0.0861517123653046,0.30202509557855944
2021-03-30,0.40193107863010774,0.024645257654966394,0.2658821084453305
2021-03-31,0.3085138162808066,0.1404886375760162,0.26297847452763945
2021-04-01,-0.016222213924342224,0.09262776058892563,0.0504231716435405
2021-04-05,0.12154091950571214,0.04007254881041289,0.10021899247249165
2021-04-06,0.10048037042703624,0.20379814360396883,0.20218623019806478
2021-04-07,0.010594288366324802,0.14081937479995732,0.0904277315649971
2021-04-08,-0.18894697535474234,0.05031473380987944,-0.13661571004168221
2021-04-09,-0.22523204950389417,0.06668089192361037,-0.12120048180712469
2021-04-12,-0.524090472634162,0.03919769550837512,-0.32041398912910346
2021-04-13,-0.39637255947935557,0.12496532593619972,-0.18086758059426697
2021-04-14,-0.34065934065934067,0.14606849461218394,-0.11280491896139032
2021-04-15,-0.22278412137100842,0.05332337565347274,-0.11028805739189693
2021-04-16,0.06294159538482696,-0.08895764429745012,-0.04750891657040508
2021-04-19,0.38210818307905686,-0.05042142323695722,0.2089118291098626
2021-04-20,0.4803330852814623,-0.0619865571321882,0.3016639377316699
2021-04-21,0.44624572241096105,0.055819908247092716,0.3450614072525118
2021-04-22,0.23741661532308744,0.16206123973114264,0.28009891023477973
2021-04-23,-0.1422333890792136,0.05392083644510829,-0.031854337569338254
2021-04-26,-0.21821363129071006,-0.07761655819908247,-0.19184396476283375
2021-04-27,-0.1316714588275367,-0.030331804118211885,-0.07052597105834182
2021-04-28,-0.20872241737622887,-0.05159500693481276,-0.134521564685742
2021-04-29,-0.17782507688390597,0.07585618265229915,-0.020864453117740243
2021-04-30,-0.12541942504939493,-0.01071161847860877,-0.06231678026385856
2021-05-03,-0.1802323720615973,0.015843379921049824,-0.10380443836188705
2021-05-04,-0.35514088491176166,-0.11448842419716206,-0.2842639336204268
2021-05-05,-0.4290839257279811,-0.10617731782780326,-0.33555084984696654
2021-05-06,-0.3057833825450505,0.08296169849567908,-0.14940701417445715
2021-05-07,0.09143866125522855,0.044222767523738396,0.10997065899884413
2021-05-10,-0.06287207937693375,-0.04644190760695615,-0.055189227984880344
2021-05-11,0.36302144457484264,0.10059746079163555,0.30574176213913973
2021-05-12,0.405468987606403,0.3110210178171343,0.4451824421911446
2021-05-13,0.1974938519917783,0.26988157473594365,0.294943611249115
2021-05-14,0.3838929683226094,0.28900032006828125,0.41732218447262803
2021-05-17,0.4121658927307833,0.2929798356982823,0.4244069896121128
2021-05-18,0.44975821316557607,0.16049290515309933,0.39580043613177807
2021-05-19,0.39223290616026935,-0.018713325509442016,0.2452654044567701
2021-05-20,0.51735322048416,0.01490451296276539,0.3740220400900637
2021-05-21,0.3595695024525249,-0.07600554785020805,0.1890309455602517
2021-05-24,0.14898270546783549,-0.03596500586791849,0.1009744273518662
2021-05-25,0.04566914012864983,-0.07433052384508695,-0.012819589513559751
2021-05-26,-0.0680131663649929,-0.17754187560012802,-0.16277450752265862
2021-05-27,-0.14133374589048575,-0.05475301397631495,-0.10923504545372928
2021-05-28,-0.01991384714045569,0.07588818948042249,0.05599199773585543
2021-06-01,-0.004299606847425134,-0.0005014403072655499,0.0035637975977168106
2021-06-02,0.10096634722141665,0.17514136349087805,0.21319057698180785
2021-06-03,0.2718667232131809,0.24834097940894057,0.3753321044610455
2021-06-04,0.2320495038941641,0.3306518723994452,0.3877873846930584
2021-06-07,0.1070737946066825,0.17482129520964473,0.18397157605552986
2021-06-08,0.3578896831324016,0.10863117465059213,0.3253356242383919
2021-06-09,0.11184935252985118,0.05654539635122159,0.08566017616883866
2021-06-10,-0.10867443014360399,0.10483303104662328,-0.022257254890187247
2021-06-11,0.008316485204883105,0.009378000640136563,-0.011448538949687568
2021-06-14,0.01874543233480387,-0.0017176997759522031,-0.004758678464553629
2021-06-15,0.18420996479248908,0.036061026352288486,0.146088905218194
2021-06-16,0.38143705707235076,0.15180838578896833,0.30694791227833895
2021-06-17,0.45972964613355993,0.2977488530886589,0.4341616712003385
2021-06-18,0.09639415447104188,0.10263522884882108,0.10453398500186846
2021-06-21,0.1132567654809963,0.004352928624773285,0.06081072077502582
2021-06-22,-0.004534324839095985,0.1125146697962232,0.05784019538327708
2021-06-23,-0.042185111984338636,0.006316014083004374,-0.01628176200062423
2021-06-24,-0.10835436015496193,-0.1760802304491625,-0.14229622274107506
2021-06-25,-0.31916397497000887,-0.14564173690387283,-0.28457416357232734
2021-06-28,-0.42351127447137565,-0.0876346954016857,-0.3396891810114463
2021-06-29,-0.47329282670483885,-0.08016643550624133,-0.3677306127373113
2021-06-30,-0.2856639887497347,-0.07549343860023472,-0.25876440777751036
2021-07-01,-0.1705541730353155,0.0015790035207510936,-0.12282807611480089
2021-07-02,-0.07724376328874692,0.015651338952309825,-0.033476575847537146
2021-07-06,-0.045738245367612985,0.04877853616398489,0.015138218013572954
2021-07-07,0.03044399041967151,0.05505174437213272,0.07524853913378349
2021-07-08,-0.4844684381571769,-0.06654219566840926,-0.31610703970885595
2021-07-09,-0.50048010242185,-0.2559906113304172,-0.4435232844081033
2021-07-12,-0.1653108146338182,-0.11065827376506988,-0.15623091145439982
2021-07-13,0.08849911580932954,-0.03000106689427078,0.013588239596916392
2021-07-14,-0.029793181442765968,-0.11669689533767204,-0.09331530202620858
2021-07-15,0.01639816494185426,-0.044606849461218394,-0.006732605675874238
2021-07-16,0.42287000658959384,0.06326683025712151,0.32020955457791084
2021-07-19,0.01554464952523205,-0.09907180198442335,-0.05067592814194088
2021-07-20,-0.2661047690173904,-0.20137629360930331,-0.2908577804836283
2021-07-21,0.2397264475801965,0.014915181905473168,0.1488207336851884
2021-07-22,0.19320973330308056,-0.13182545609730076,0.04203911038702673
2021-07-23,-0.06644119514228293,-0.17442654432945695,-0.15108069130314933
2021-07-26,0.18885145858239208,0.016270137629360932,0.135466180367579
2021-07-27,-0.020500428092540893,-0.09065400618798677,-0.07675009849065452
2021-07-28,0.0512429318254561,0.02930758561826523,0.04100990988437361
2021-07-29,0.34749372531256995,0.01755041075429425,0.23771862716350609
2021-07-30,0.2802898759475348,0.03172943561293076,0.19090399911747982
2021-08-02,0.3089939187026566,0.007500266723567695,0.19288395037982584
2021-08-03,0.21071161847860878,0.07537608023044916,0.17718122283496704
2021-08-04,0.12561613144137415,0.01194921583271098,0.08578935454330186
2021-08-05,-0.05630016083494056,-0.11032753654112877,-0.11352239516985389
2021-08-06,-0.2602908894997243,-0.00874853302037768,-0.18945341219087478
2021-08-09,-0.34776044959168184,0.04246239197695508,-0.21036992045701175
2021-08-10,-0.15786343183517113,0.07676304278246025,-0.05163031891421377
2021-08-11,-0.19622319428144672,0.16334151285607595,-0.029721669636329995
2021-08-12,-0.10879178913943942,0.20504640990077883,0.06541153648379044
2021-08-13,-0.028432732316227463,0.23306305345140296,0.12258071410774919
2021-08-16,0.3934823255170443,0.14278246025818842,0.32498886417713824
2021-08-17,0.4274309917624074,0.14897044702869947,0.3417151917489053
2021-08-18,0.43794942921156516,0.24289981862797397,0.39730912832141196
2021-08-19,0.514293792249888,0.3512429318254561,0.5184580590684877
2021-08-20,0.3401420059435779,0.12485863650912195,0.2785799465028662
2021-08-23,-0.07084215748611138,-0.06467513069454817,-0.06623152505015548
2021-08-24,-0.15998655709690188,-0.23680785234183294,-0.23561578138339753
2021-08-25,0.07387235041592316,-0.21500053344713538,-0.09367222997976642
2021-08-26,-0.14613979169911162,-0.29411074362530676,-0.2628692466650991
2021-08-27,-0.04080870585724955,-0.20317934492691775,-0.15849016452968626
2021-08-30,-0.14263880998346368,-0.22852875280059745,-0.25934886811617724
2021-08-31,-0.06290958847133353,-0.20141896938013443,-0.172923085514992
2021-09-01,-0.12853443010402624,-0.015608663181478716,-0.0993120815430589
2021-09-02,0.08345246986023686,0.2034460684946122,0.16456027153973238
2021-09-03,0.042270351008215086,0.11511789181692095,0.0758833903324308
2021-09-07,0.07257014829830363,0.03956043956043956,0.05051830786498101
2021-09-08,0.11752969982936792,0.08506348020911128,0.11671032373210734
2021-09-09,0.1280273124933319,0.07798997119385469,0.10358578509052509
2021-09-10,-0.03615180879082738,-0.07743518617305024,-0.07210494600276444
2021-09-13,0.08523974511858208,0.04007254881041289,0.09734133256523224
2021-09-14,0.08210818307905686,0.03450336071695295,0.07750602211485771
2021-09-15,0.12820868451936412,0.033745865784700735,0.0975473134646026
2021-09-16,0.05208058273939025,-0.08184145951136243,-0.031107708733717942
2021-09-17,0.0711460342103091,-0.22207404246239199,-0.09334845015571819
2021-09-20,0.10265150605900714,-0.07857676304278247,0.020715409919885262
2021-09-21,0.12918024741593925,0.19520964472420782,0.2121031873260454
2021-09-22,0.0343327492072842,-0.029680998613037447,-0.006972693417075861
2021-09-23,0.012146818062870553,-0.10397445848340217,-0.07324105968610975
2021-09-24,-0.09724337517368518,-0.16655286461111704,-0.16907749976857098
2021-09-27,-0.10584686292276774,-0.27469326789715137,-0.23326691609867348
2021-09-28,-0.09997972879827316,-0.10959137949429211,-0.14107987891829676
2021-09-29,-0.3959616976149144,-0.23983783207084178,-0.4125614855248672
2021-09-30,-0.20122213064760214,-0.17156726768377253,-0.24098628735592958
2021-10-01,-0.057260215512642695,-0.039069668195881785,-0.07510036443896544
2021-10-04,-0.19459084604715673,-0.13494078736797183,-0.19124696315896333
2021-10-05,-0.05849828095472367,-0.07700842846473914,-0.07303736429842432
2021-10-06,0.07792803608970926,0.013826949749279846,0.06337308730026332
2021-10-07,0.2516770378591016,0.13542088978982184,0.23901538679934586
2021-10-08,0.3717759273269319,0.12837938760268858,0.30327311362376796
2021-10-11,0.32482836247321495,0.14979195561719832,0.3077288314234986
2021-10-12,0.08649357993070858,0.05281126640349941,0.09311506572428623
2021-10-13,0.058876717371161555,0.13366051424303851,0.12772983770673513
2021-10-14,-0.09564707137522671,0.03951776378960845,-0.0007095357893848795
2021-10-15,-0.14421248323022393,0.00975141363490878,-0.06494136996229564
2021-10-18,-0.16358689853835484,-0.1524271844660194,-0.20365593788076403
2021-10-19,-0.1934391161831168,-0.19448415662007895,-0.2661484790567484
2021-10-20,-0.04248917766252621,-0.22920089619118744,-0.1891150048023134
2021-10-21,-0.1565987410647605,-0.14086205057078843,-0.19194584042335255
2021-10-22,0.05385163195269329,0.11893737330630534,0.11769350434621785
2021-10-25,0.10496133831611622,0.13650912194601514,0.15329872891113508
2021-10-26,0.16100587328658236,0.148511682492265,0.18211449783825492
2021-10-27,0.022127387175930865,0.09949855969273445,0.05806410323024413
2021-10-28,0.26014083004374267,0.21810519577509868,0.2854505934673498
2021-10-29,0.23526211065154248,0.1344820228315374,0.2205108790483475
2021-11-01,0.25674414138923607,0.20106689427077776,0.2716162006613304
2021-11-02,0.08928328518991854,0.22398378320708417,0.18533811339243722
2021-11-03,0.14820307374089958,0.15585191507521604,0.17566014015236323
2021-11-04,0.12252213805611864,-0.22116718233223087,-0.0761809245039243
2021-11-05,-0.15036847959212665,-0.23818414595113624,-0.23810095532405912
2021-11-08,0.0824446945743864,-0.1391123439667129,-0.06923390857551162
2021-11-09,0.06533695368146779,-0.13111063693587965,-0.061355519098013546
2021-11-10,0.021930304204236094,-0.0813293502613891,-0.048466128453470446
2021-11-11,-0.04319344496724728,-0.0070201643017177,-0.04609787203387745
2021-11-12,-0.19474606515076512,-0.044457484263309505,-0.16043830616211438
2021-11-15,-0.12639530138554878,0.01071161847860877,-0.05884251500966586
2021-11-16,-0.038397729637426936,0.04718873359650059,0.010936395548396791
2021-11-17,-0.08534666247140783,0.061378427397844874,-0.009378325830442678
2021-11-18,-0.21260172252138948,0.01654753013976315,-0.11579652137804236
2021-11-19,-0.05878101019880541,0.028454070201643016,-0.022848759701758484
2021-11-22,-0.07915330819118378,-0.06922010028806146,-0.08143722184575032
2021-11-23,-0.08422108301134988,-0.09969060066147445,-0.1271195257187819
2021-11-24,-0.1229978902036352,-0.11917209004587645,-0.1546558124207819
2021-11-26,-0.03537878020478982,-0.03910167502400512,-0.038859502545571405
2021-11-29,0.10461965219246773,-0.0017283687186599808,0.0740450281637145
2021-11-30,0.2722301943397015,0.1287101248266297,0.24961256470422477
2021-12-01,-0.05377694915454196,0.08095593726661687,0.008727614159890625
2021-12-02,-0.07395770264055161,-0.1529713005441161,-0.13276963508046302
2021-12-03,-0.31600594265875626,-0.3651338952309826,-0.3992467252430182
2021-12-06,-0.3915139003371985,-0.33665848714392405,-0.4402299320261967
2021-12-07,-0.2551437914460257,-0.34652725914861837,-0.38735852730411063
2021-12-08,-0.27826884812541525,-0.31700629467619756,-0.371513247275409
2021-12-09,-0.26960490132631193,-0.12953163341512855,-0.24709516409624965
2021-12-10,-0.19627706251286745,-0.04356129307585618,-0.12953424564984495
2021-12-13,-0.06593406593406594,0.046175184039261706,-0.012521106408560783
2021-12-14,-0.020921964062048718,-0.04837298623706391,-0.035449926058095944
2021-12-15,0.27907894772036673,0.24990931398698388,0.32975457320984375
2021-12-16,0.3928165625606012,0.18821081830790568,0.3465137374896149
2021-12-17,0.3799850634802091,0.21902272484796756,0.37584422566151965
2021-12-20,0.04487357302891284,-0.05960738290835378,-0.023318218224699122
2021-12-21,-0.022500800170703085,-0.053728795476368295,-0.051384780449705805
2021-12-22,-0.18709057932358902,-0.2798356982823002,-0.28440190854267483
2021-12-23,-0.022314153190501836,0.20718019844233437,0.12514504170970303
2021-12-27,0.05946900388969651,0.2063053451402966,0.18399769573788313
2021-12-28,-0.10107756321348554,0.055766563533553824,-0.0011256935616790662
2021-12-29,-0.005153113072441973,-0.02977701909740745,0.004673383337441043
2021-12-30,-0.01852138334275442,0.02201002880614531,0.024813008938472027
2021-12-31,-0.20788545762302413,-0.09021657953696789,-0.1438658556134243
2022-01-03,-0.2753950218338945,-0.03430065080550517,-0.1457429190241017
2022-01-04,-0.05139421618601567,0.0024965325936199723,-0.031582766167852494
2022-01-05,-0.34656644920182217,-0.23464205697215407,-0.3452459074811264
2022-01-06,-0.16324549237170596,-0.049695935132828335,-0.13437860127403706
2022-01-07,-0.44546155303037205,-0.16951883068387924,-0.3651082837621902
2022-01-10,-0.3314698147375379,-0.07710444894910914,-0.22616586658032017
2022-01-11,-0.39661578430628763,-0.17857676304278247,-0.33472660553741085
2022-01-12,-0.20493233117418663,-0.11889469753547423,-0.18165037357265995
2022-01-13,-0.13743768654078156,-0.00957004160887656,-0.08723879850653508
2022-01-14,-0.23455199656542558,-0.1458444468153206,-0.2491891089566982
2022-01-18,-0.3296605400111481,-0.24207831003947508,-0.3576772992715005
2022-01-19,-0.3466979622319428,-0.17107649631921476,-0.31492467308781436
2022-01-20,-0.058434110926420486,0.05765496639283047,0.0043798346287984395
2022-01-21,0.16758331155317688,0.18372986237063907,0.21335232528779785
2022-01-24,0.3997034018162164,0.2421636615811373,0.3818232264236524
2022-01-25,0.30159128129780066,0.26291475514776486,0.3406581104856969
2022-01-26,0.20457273324057873,0.22547743518617305,0.24461598391047978
2022-01-27,0.12477895225413063,0.08618371919342793,0.11221335183399665
2022-01-28,-0.10578846574601466,-0.1367225008001707,-0.13123806362338813
2022-01-31,-0.11732165433675057,-0.12983036381094634,-0.15262162563845194
2022-02-01,-0.027398064105732332,-0.09152885949002454,-0.08254066502642797
2022-02-02,0.14955963236150294,0.06659554038194815,0.14740424824412127
2022-02-03,-0.17463738352898137,-0.08948042249013123,-0.17860801157661044
2022-02-04,-0.23188065625934057,-0.04328390056545396,-0.18964776846339393
2022-02-07,0.01794544882522813,-0.005771898004907713,0.009255628734822552
2022-02-08,-0.13710527093808103,0.03549557238877627,-0.07856516033974154
2022-02-09,-0.22728945841156212,-0.06473914435079484,-0.17037791849175915
2022-02-10,-0.14226957020741743,0.026181585404886375,-0.0607901926046152
2022-02-11,-0.11944797129679718,-0.00838578896831324,-0.0685681668521666
2022-02-14,-0.23488366520383283,-0.21249333191080763,-0.26732319410276234
2022-02-15,0.12329760960092086,-0.010551584337992106,0.11246019009937681
2022-02-16,0.18008252493795018,0.03430065080550517,0.1472088262160379
2022-02-17,0.30768574212890526,0.11969486823855756,0.26396442816666066
2022-02-18,0.27334875029103534,0.1040115224581244,0.23540709236563845
2022-02-22,0.3684291948272722,0.16213592233009708,0.33427225596235705
2022-02-23,-0.1533730222323739,-0.20958071055158434,-0.25423991118775485
2022-02-24,-0.06573791787506936,-0.14009388669582845,-0.18081567760637168
2022-02-25,-0.26392960339535076,-0.21683559159287313,-0.3312163080357594
2022-02-28,-0.2641498362450161,-0.1519577509868772,-0.3018728018221309
2022-03-01,-0.3876291959855538,-0.07221807318894698,-0.3328656559416476
2022-03-02,-0.20564496770252966,0.027600554785020805,-0.12445883741172327
2022-03-03,-0.12833171965190118,0.20076816387496,0.034515318530571035
2022-03-04,0.0930336766986282,0.3101888402859277,0.23753047869518265
2022-03-07,-0.05328141045777429,0.2537181265336605,0.11407460781042371
2022-03-08,-0.023877093780006402,0.3514029659660728,0.18742714543909564
2022-03-09,0.20970985655828395,0.47905686546463244,0.40495281452928705
2022-03-10,0.3760438921487081,0.5277072442120986,0.5375638524069282
2022-03-11,0.4138657649370555,0.3117998506348021,0.4446270106437503
2022-03-14,0.6503428796614119,0.17998506348020912,0.5385573658537558
2022-03-15,0.23597693362617644,-0.01787047903552758,0.1176693410407814
2022-03-16,0.23116459822070443,-0.04186493118531953,0.09275960811605234
2022-03-17,0.05736187646446956,-0.061090365944734874,-0.04380508327774271
2022-03-18,0.12167929158220421,-0.16610476901739038,-0.02284379056638861
2022-03-21,0.022756915493827596,-0.17997439453750133,-0.09135041134770018
2022-03-22,-0.06715068361710617,-0.18757068174543903,-0.1628905689230442
2022-03-23,-0.18128764156686816,-0.12334364664461751,-0.23357473477827156
2022-03-24,-0.07020735200863794,-0.03436466446175184,-0.10200984257508092
2022-03-25,-0.09969620104644725,0.05812439987197269,-0.025623379604773348
2022-03-28,-0.38009911501188964,-0.1536861197055372,-0.384444463541868
2022-03-29,-0.45667342366371494,-0.01596073829083538,-0.33502004682902065
2022-03-30,-0.4577296489917849,-0.019417475728155338,-0.3234609213824267
2022-03-31,-0.3030155927472579,0.039411074362530676,-0.19140826140533096
2022-04-01,-0.48270012485543407,-0.032753654112877416,-0.34187509871025296
2022-04-04,-0.27749919982929694,0.008001707030833244,-0.16691917868510886
2022-04-05,0.09091030329250115,-0.019908247092713112,0.04458800910705234
2022-04-06,-0.035565015376781195,-0.18754934386002348,-0.11972824699564197
2022-04-07,0.04888509548703723,-0.19296916675557452,-0.08936130493542414
2022-04-08,0.16907298989274114,-0.10335004801024218,0.04484065717003623
2022-04-11,0.07859360497198582,-0.15921263202816602,-0.040303221077544665
2022-04-12,-0.2859276686022756,-0.2608876560332871,-0.32186183027928894
2022-04-13,-0.18765320140900343,-0.19204096873999787,-0.23204673445153987
2022-04-14,-0.24413403500756237,-0.1066894270777766,-0.22564236639069313
2022-04-18,-0.31701332025053774,-0.1878800810839646,-0.2994710607445258
2022-04-19,-0.24736609072202342,-0.16214659127280487,-0.2460702126720118
2022-04-20,-0.02074047994374161,0.1622319428144671,0.08824635581408788
2022-04-21,-0.17111429402145048,0.08619438813613571,-0.04953880797437635
2022-04-22,0.028144745931888045,0.3334578043315907,0.2246929068037158
2022-04-25,0.2879944094385069,0.3858636509121946,0.3993928807054034
2022-04-26,0.3421272328168385,0.425957537608023,0.4534035423315517
2022-04-27,0.08143690853881326,-0.02329030193107863,0.040240815483685306
2022-04-28,0.05335033260682229,-0.019609516696895337,0.037958104855948006
2022-04-29,-0.3132188200149365,-0.2117465059212632,-0.3127422296448446
2022-05-02,-0.2927170158829587,-0.18695188306838792,-0.269669156325308
2022-05-03,-0.34918848275380354,-0.20370212311959884,-0.3235023462727385
2022-05-04,-0.3215884176516209,-0.06704363597567481,-0.2523473181731907
2022-05-05,-0.07429437151871349,-0.07867278352715246,-0.08689435915106147
2022-05-06,0.05725046278012732,-0.16559265976741705,-0.057274245359994015
2022-05-09,-0.05538016988156379,0.09161421103168677,0.05137178126841466
2022-05-10,-0.009163079700551193,0.06884668729328923,0.04443697605285464
2022-05-11,0.14579095186944857,0.12293822682172197,0.20477174828114977
2022-05-12,0.03238958694893241,0.005483836551797717,-0.00442769389242129
2022-05-13,0.09268862424816704,0.054859703403392725,0.081746529220558
2022-05-16,-0.07478290475806613,0.010562253280699882,-0.05686058514466529
2022-05-17,-0.009623771234407247,-0.09622319428144671,-0.10260513774317
2022-05-18,-0.0803749680717158,-0.03414061666488851,-0.06241981474123075
2022-05-19,0.03924901465167632,-0.2037661367758455,-0.08801948164808869
2022-05-20,0.19640383052456392,-0.169817561079697,0.037448288555732276
2022-05-23,0.3804244774803825,-0.0411181051957751,0.21183047804115304
2022-05-24,0.2544742005676302,0.07322095380347808,0.2077776592339699
2022-05-25,0.20035933420040275,0.0739677797930225,0.17286235938308975
2022-05-26,0.11112529917717773,0.04308119065400619,0.08996220458047306
2022-05-27,0.28400408003351374,-0.04607916355489171,0.1329097717964452
2022-05-31,0.36386140843906173,-0.044596180518510616,0.19876826727977265
2022-06-01,0.04509857864110368,0.04626053558092393,0.07937350466797286
2022-06-02,-0.04157134285269979,0.10890856716099434,0.10641288605551959
2022-06-03,-0.13581748556217574,0.031057292222340768,-0.04669908326254684
2022-06-06,-0.171313590832992,-0.0735410220847114,-0.15025886008172348
2022-06-07,-0.3738664349162272,-0.07888616238130801,-0.28957574274074277
2022-06-08,-0.34070341125691095,-0.052011095700416086,-0.25693755402672214
2022-06-09,-0.049862894009693175,-0.008012375973541023,-0.029318645562267473
2022-06-10,0.03035150009308492,-0.055019737544009385,-0.02322672193687024
2022-06-13,0.04611862121262425,-0.10435292862477329,-0.06370510649646982
2022-06-14,0.02833543861113733,-0.14000853515416622,-0.09576062778289839
2022-06-15,0.22411679186514658,-0.01987624026458978,0.09020322268752236
2022-06-16,0.0653473915548588,-0.05141363490878054,-0.013971166799049948
2022-06-17,0.020940406700467068,0.015565987410647604,-0.006961559389699417
2022-06-21,-0.10596744530515748,-0.024815960738290836,-0.08392992418438257
2022-06-22,-0.31532629374890936,-0.04643123866424837,-0.2518184219177675
2022-06-23,-0.30169333791514474,-0.10643337245278993,-0.264575892806076
2022-06-24,-0.042667259638772125,-0.14332657633628507,-0.13386003191779117
2022-06-27,0.0915942724430243,-0.04039261709164622,0.025323208322076945
2022-06-28,0.19422041662189862,0.06254134215299263,0.1638353431614972
2022-06-29,0.28554196894738043,0.16982868299613113,0.30135605162203866
2022-06-30,0.11299340859576788,-0.05555318467939827,0.061405918680360425
2022-07-01,-0.26604811896571245,-0.37680571855329137,-0.4107064268265962
2022-07-05,-0.054436271000272034,-0.13068387922756855,-0.12884623594602856
2022-07-06,-0.2897914911194362,-0.2939720473701056,-0.3562015059447167
2022-07-07,-0.15362841481065095,-0.10768163874959992,-0.16464400215748054
2022-07-08,0.2350416367866049,0.040403286034353995,0.1791251790941053
2022-07-11,0.34828656918875195,0.07405313133468473,0.2292708558390099
2022-07-12,0.3872552109432074,0.17838472207404246,0.3333582276705261
2022-07-13,0.33662889520875683,0.17530139763149472,0.32246500519461496
2022-07-14,0.24451621482933036,0.14755147764856502,0.24438736457783633
2022-07-15,0.24625699513455812,0.16386429104875708,0.27052531909638067
2022-07-18,-0.12693062264589314,-0.1374373199615918,-0.2090910545802426
2022-07-19,-0.08756236952103973,-0.15343006508055052,-0.22537615600594915
2022-07-20,-0.06077054754458737,-0.20263522884882107,-0.17627807606505694
2022-07-21,0.0943203028883347,-0.09924250506774779,0.011570622675501846
2022-07-22,0.14145922452427723,0.013880294462818734,0.09244253349951792
2022-07-25,0.19360248049342138,0.14748746399231835,0.19720578900200042
2022-07-26,0.07441602114044608,0.1070201643017177,0.11477801636057987
2022-07-27,0.19406597422572783,0.06215726021551264,0.14480004908216482
2022-07-28,0.15015277933744808,-0.04279312920089619,0.027009076828681134
2022-07-29,0.08898837970327625,0.09195561719833564,0.1034280410657096
2022-08-01,0.01320022646571552,0.12186066360823643,0.07378166367725543
2022-08-02,-0.012443672210392219,0.017987837405313133,-0.004742420929140252
2022-08-03,0.027754967497995376,-0.1691987624026459,-0.11019148547762937
2022-08-04,0.07661542305122529,-0.10826843059852768,-0.04574345788680973
2022-08-05,0.05630511413149272,-0.19559372666168784,-0.10685145622313066
2022-08-08,0.14599662210213157,-0.09707670969806892,0.0036008161853221515
2022-08-09,-0.2062609226806516,-0.1368611970553718,-0.22131593552324297
2022-08-10,-0.22039218936412694,0.04770084284647391,-0.10961030651254491
2022-08-11,-0.31658651307725205,7.468259895444362e-05,-0.19778191498155615
2022-08-12,-0.4002515574667732,0.09720473701056226,-0.19564278055746498
2022-08-15,-0.3165326710860724,0.15794302784594047,-0.06891161997332082
2022-08-16,-0.12937024325992108,0.12444254774351862,0.012712452128099133
2022-08-17,-0.10556226746992284,-0.01995092286354422,-0.06661243215721141
2022-08-18,-0.1404395898674201,-0.04799957324229169,-0.10426868952572016
2022-08-19,-0.02121565320347529,-0.09788754934386003,-0.07201118124011728
2022-08-22,-0.08037308815425345,-0.08217219673530353,-0.09100826598801108
2022-08-23,-0.12480138603833187,-0.01778512749386536,-0.1101793468466297
2022-08-24,-0.3416256137206593,0.12729115544649525,-0.17563400869460813
2022-08-25,-0.09808619854708309,0.031334684732742986,-0.08752893982083373
2022-08-26,-0.17509211009648393,0.18479675664141684,-0.007537708547941037
2022-08-29,-0.08498089694285549,0.16201856396031153,0.058573432848098954
2022-08-30,-0.19726196162840973,0.06702229809025925,-0.09309893230185104
2022-08-31,0.1846992805814769,0.015053878160674277,0.11257455003894773
2022-09-01,0.18611501668492977,-0.02161527792595754,0.08600814044793477
2022-09-02,-0.12040910559547778,-0.08621572602155127,-0.12335029714024491
2022-09-06,-0.14286074209216287,0.0007148191614211032,-0.0873744715546541
2022-09-07,-0.13361535490674775,0.009826096233863223,-0.07708885676444244
2022-09-08,-0.26637055143414906,-0.009143283900565454,-0.18356503471585864
2022-09-09,-0.31743195949164843,-0.03160140830043743,-0.22449649124290683
2022-09-12,-0.13664002510951986,-0.043838685586258405,-0.14958431021153765
2022-09-13,-0.21769522480253686,-0.08751733703190014,-0.22340295012081354
2022-09-14,-0.286765466626496,-0.14339058999253174,-0.29174912914705703
2022-09-15,-0.2500543400217529,-0.17902485863650913,-0.2957363669361325
2022-09-16,-0.2967396283979574,-0.3551380431519171,-0.4191552241273885
2022-09-19,-0.12682466481520363,-0.20364877840605997,-0.21659251673607335
2022-09-20,0.08534431986364542,-0.04247306091966286,0.018052236262218385
2022-09-21,-0.008676245354274734,0.03625306732102849,0.02365329834017411
2022-09-22,-0.007911734553824473,-0.039667128987517335,-0.041625657159714856
2022-09-23,0.21544363977504055,-0.03332977701909741,0.11707124510599723
2022-09-26,0.26884437049163235,0.1237383975248053,0.2552078054437541
2022-09-27,0.1582860792968728,0.07595220313666916,0.18623321962523784
2022-09-28,0.3437767931117744,0.12303424730609197,0.3286976282874398
2022-09-29,0.1643865353673948,0.13264696468579965,0.2186943208736531
2022-09-30,-0.07250588989113216,-0.030182438920303,-0.034696327130850836
2022-10-03,-0.23306916502118036,-0.20485436893203884,-0.28905141419989494
2022-10-04,-0.12623474306418334,-0.19629787688040115,-0.22173855066435208
2022-10-05,-0.15873286312984022,-0.11229062199935987,-0.18226192354902618
2022-10-06,-0.27821319077509443,-0.01800917529072869,-0.1818065428325396
2022-10-07,-0.11109374885065822,0.01696361890536648,-0.044927397072834094
2022-10-10,-0.047824756493025276,0.21517123653045983,0.10994966886356097
2022-10-11,0.10735236616298452,0.3024858636509122,0.2727617057910505
2022-10-12,0.18038490207615315,0.25397418115864717,0.28335489380112105
2022-10-13,0.37120346612429134,0.2706390696681959,0.3930662356416298
2022-10-14,0.22625045532617485,0.148895764429745,0.2297302343478454
2022-10-17,0.3608743991263933,0.18892563746932678,0.34407432005435534
2022-10-18,0.025108419987283286,-0.06745972474127813,-0.033837544592048865
2022-10-19,-0.20071102170501703,0.058401792382374904,-0.08915206319353923
2022-10-20,-0.16055609081921005,0.07023364984530032,-0.05109944627887411
2022-10-21,-0.05909768708454408,0.08178811479782354,0.028139411446305808
2022-10-24,-0.2996078761208926,-0.07092713112130587,-0.23527748660460998
2022-10-25,-0.1651859092979667,-0.13212418649311852,-0.19996479131374414
2022-10-26,-0.05470743848519106,-0.053440734023258295,-0.06530013470300512
2022-10-27,-0.12396321586049588,0.0618905366478182,-0.00531317598312099
2022-10-28,-0.07611680655171536,0.09497492798463672,0.037432285013614446
2022-10-31,-0.06499073951560697,0.01225861517123653,-0.026592978074456933
2022-11-01,-0.08684916876429384,0.09144350794836231,0.02760655196295178
2022-11-02,0.30387674965462547,-0.0008428464739144351,0.18447282999227607
2022-11-03,0.3754411597665647,-0.012461325082684306,0.2160537293810085
2022-11-04,0.3509777937300156,0.005771898004907713,0.21461702394460194
2022-11-07,0.3023619106411509,-0.10547316760908994,0.08915620874857647
2022-11-08,0.2702342493545877,-0.10723354315587326,0.08981379485286689
2022-11-09,0.023092004690777476,-0.014861837191934279,-0.005195885969090043
2022-11-10,-0.16507694634102443,0.08007041502187133,-0.03029462442497188
2022-11-11,-0.4078856164118283,0.12880614531099968,-0.13708561049235385
2022-11-14,-0.4127012359294615,0.04831964152352502,-0.19363907458589652
2022-11-15,-0.18474128882423696,0.13174010455563853,-0.004422347525598728
2022-11-16,-0.19232842461956248,0.030534514029659662,-0.08986036835815057
2022-11-17,-0.20548391484742176,0.053814147018030514,-0.08048202797884682
2022-11-18,0.041981914760047506,-0.07494932252213805,-0.02189823854001234
2022-11-21,0.1408039646740635,-0.13941107436253067,0.002917986962578989
2022-11-22,0.20654599921296138,-0.06327749919982929,0.08946489632526913
2022-11-23,0.12753720339992558,0.04152352501867065,0.11951604645943875
2022-11-25,0.21153923667684527,0.05856182652299157,0.18188801642925476
2022-11-28,0.0538961604243831,0.13259361997226074,0.13563680109482376
2022-11-29,-0.10572132622848328,0.11057292222340766,-0.006918956983480274
2022-11-30,-0.06297908281441629,0.1238770937800064,0.060953620652816065
2022-12-01,-0.05790631998944918,-0.0031153312706710765,-0.06428725752763902
2022-12-02,-0.07565789545278871,-0.051264269710871654,-0.10085620552519464
2022-12-05,0.18311041682484527,-0.038760268857356235,0.05550072817410032
2022-12-06,0.2307599020987985,0.11255734556705431,0.177367730381698
2022-12-07,-0.0887436902618218,0.05278992851808386,-0.06304895776936668
2022-12-08,-0.029604395266974365,0.041672890216579536,-0.0348130386203289
2022-12-09,-0.17561127591907716,-0.010348874426544329,-0.13932336124715058
2022-12-12,-0.14580498088874141,0.1709164621785981,0.011346844283543213
2022-12-13,-0.2893406317498853,0.07084177957964366,-0.1535609595026979
2022-12-14,-0.17821579987905176,0.07875813506881468,-0.11716411943033163
2022-12-15,-0.22006036618047256,0.0025072015363277497,-0.16845996684062994
2022-12-16,-0.2648686567959672,0.08768804011522457,-0.11791472734868272
2022-12-19,-0.23281913219329375,0.05234183292435719,-0.1013621827107192
2022-12-20,-0.22344030459288106,0.0973220953803478,-0.04120422605429162
2022-12-21,0.08494275442859188,0.26114371065827374,0.24387524576618277
2022-12-22,0.013276815588125566,0.18760268857356235,0.15039595430936753
2022-12-23,0.22328199380047759,0.23013976314947188,0.32208281323515836
2022-12-27,0.16460581531780105,0.26793982716312814,0.32333023043468506
2022-12-28,0.02350896096561774,0.19777019097407447,0.18924844777493266
2022-12-29,0.10908378961774759,0.0751627013762936,0.15476003142052644
2022-12-30,0.22944947661270496,0.025509442014296384,0.2058636821947684
2023-01-03,0.30303787874107546,-0.15333404459618052,0.08040136669549215
2023-01-04,0.37566564035868577,-0.06005547850208044,0.17946857713141906
2023-01-05,0.36735687666099986,-0.03231622746185853,0.22085303759023822
2023-01-06,0.3849673968197136,-0.05384615384615385,0.24263617391696493
2023-01-09,0.37157391434262943,0.011799850634802092,0.2983852469115693
2023-01-10,0.1840160914843302,0.0570681745439027,0.17703057035451666
2023-01-11,0.24029803288032597,-0.023823749066467514,0.17770084105079936
2023-01-12,0.3858192744122759,0.01436039688466873,0.28739847701367544
2023-01-13,0.40575068920147034,-0.004790355275792169,0.28642072779691985
2023-01-17,0.25428854234650133,-0.11694228101995092,0.08389567852289712
2023-01-18,0.37732517905289387,0.03064120345673744,0.2724588511128093
2023-01-19,0.3710636643536742,0.011149045129627654,0.25684686704616666
2023-01-20,0.0042867540190023095,-0.03385255521177851,-0.013901817746591891
2023-01-23,-0.031218571229271155,-0.09148618371919343,-0.06368927274803765
2023-01-24,0.1336856020127518,-0.042654432945695084,0.06268037277573861
2023-01-25,0.24181003920733818,-0.005323802411181052,0.14304423088771379
2023-01-26,0.24764576492277246,0.035474234503360715,0.15294911571789896
2023-01-27,0.20514450822336722,-0.039891176784380665,0.09791604987396721
2023-01-30,0.3192456481690527,-0.027387175930865253,0.17540930272082011
2023-01-31,-0.13398018289134486,0.07813933639176357,-0.039715457022425474
2023-02-01,-0.228730450967578,0.15366478182012164,-0.031138305947005722
2023-02-02,-0.362885128207949,0.14438280166435508,-0.1314168049374242
2023-02-03,-0.1346057712122553,0.14646324549237172,0.03434875266403092
2023-02-06,-0.09063326462281265,0.08124399871972687,-0.006401365624666595
2023-02-07,0.029966505617175964,-0.0749279846367225,-0.04745050237937872
2023-02-08,-0.11813015648643317,-0.12628827483196414,-0.15359419599499652
2023-02-09,-0.06249989643064664,-0.03484476688360184,-0.07296606689401616
2023-02-10,-0.3050259550499022,-0.16627547210071483,-0.3234916768462359
2023-02-13,-0.23549801541006463,-0.059980795903126,-0.19872131699118786
2023-02-14,-0.31438655088121464,0.05930865251253601,-0.15826071651381016
2023-02-15,-0.27521835103750186,-0.0052064440413954974,-0.17933370682008187
2023-02-16,-0.04733358388056894,-0.06866531526725701,-0.055335356915603866
2023-02-17,0.0044017049880113405,0.10748959778085991,0.09407057697192861
2023-02-21,-0.010164082909576674,0.009079270244318788,-0.01887894589608162
2023-02-22,-0.013939698202791678,0.028069988264163022,0.004449091512729616
2023-02-23,0.1141234898096483,0.02629894377467193,0.07850783371408895
2023-02-24,0.09124019051897025,-0.02849674597247413,0.036093225719204036
2023-02-27,0.12775068998007144,-0.08662114584444681,0.025867058576459517
2023-02-28,0.16073948084585224,-0.030139763149471886,0.06072325920855286
2023-03-01,-0.04694882138100811,0.04888509548703723,0.0025925807382328864
2023-03-02,-0.0711451140154624,-0.018211885202176464,-0.06951994324921908
2023-03-03,0.030510901605036514,-0.050976208257761654,-0.04687983441891071
2023-03-06,0.024788234353898507,0.0031473380987944097,-0.011821283111040274
2023-03-07,0.02004273420499729,0.026181585404886375,0.010135657778814937
2023-03-08,0.09881256508138482,0.20097087378640777,0.16800029874314462
2023-03-09,0.252257379543524,0.28448735730289126,0.3233133645269758
2023-03-10,0.23937323915962236,0.26820655073082256,0.32994145342544456
2023-03-13,0.370846619126167,0.2164301717699776,0.3732579384992458
2023-03-14,0.16566817710592915,0.18326042889149685,0.20367925362233408
2023-03-15,0.20423684314102122,0.13423663714925851,0.2208731649529817
2023-03-16,0.09321085349562534,0.11602475194708205,0.1267650714726207
2023-03-17,0.025017803230231093,0.0571641950282727,0.07342503462082728
2023-03-20,-0.217245986182321,0.13944308119065402,-0.06550302203477296
2023-03-21,-0.01325751605785296,0.07298623706390697,0.02159938973352899
2023-03-22,-0.1057671364066796,0.07378640776699029,-0.00973023146766234
2023-03-23,0.0509021061315048,0.11644084071268537,0.12024122931948902
2023-03-24,0.20700071833983646,0.27665635335538247,0.30435362485411727
2023-03-27,0.33135623643420264,0.07556812119918917,0.23589032326896406
2023-03-28,-0.013591051818936151,-0.16292542409047264,-0.11646466373426471
2023-03-29,-0.043749918560999995,-0.21028486077029768,-0.17517897733215246
2023-03-30,-0.24462869845267174,-0.058679184892777125,-0.1958465363019423
2023-03-31,-0.39532145522850276,-0.07720046943347915,-0.29108164055790375
2023-04-03,-0.42000424191745733,-0.13789608449802623,-0.34175759999133193
2023-04-04,-0.10276993020819754,-0.006988157473594367,-0.05276494502686887
2023-04-05,-0.20775613079489683,0.11622746185852982,-0.03742161598553589
2023-04-06,-0.20142910814822582,0.09424943988050784,-0.05887201099439298
2023-04-10,-0.056187624963205056,0.05843379921049824,0.008103126825663437
2023-04-11,0.020775254981584734,0.042643764002987306,0.055254601660821905
2023-04-12,-0.12772199145331722,-0.008791208791208791,-0.06101067433498915
2023-04-13,-0.05751483648123097,0.056961485116824924,0.011575833713456607
2023-04-14,-0.21098537276322368,0.11815854048863758,-0.05678635634499211
2023-04-17,-0.24656537339854193,0.12285287528005974,-0.057410346350277024
2023-04-18,-0.06725225564651625,0.15053878160674278,0.03750163369612506
2023-04-19,0.030550023595036942,0.10865251253600768,0.08713371990799272
2023-04-20,0.0662295753461427,0.04747679504961058,0.07748381642051444
2023-04-21,0.004742195496425353,0.045801771044489493,0.023029097107563568
2023-04-24,0.14051530889508398,0.23187880081083964,0.2307776429529209
2023-04-25,-0.10860269561788824,0.03825882855009068,-0.05682918438067953
2023-04-26,-0.21652390336003513,0.12865678011309079,-0.03797630415238155
2023-04-27,-0.22188321439890846,0.13214552437853408,-0.05728216454145007
2023-04-28,0.06951100207422833,0.14234503360716952,0.133629220258064
2023-05-01,0.14540007210938083,0.04329456950816174,0.0980481065206873
2023-05-02,0.04830272907992576,0.0994772218073189,0.07368583896545444
2023-05-03,0.289025199549473,0.17285820975141364,0.27135072563595924
2023-05-04,0.09778408525375466,-0.08342046303211352,-0.006481417270001908
2023-05-05,0.26996464526820707,0.027387175930865253,0.17385273996985023
2023-05-08,0.21283186843779653,0.11638749599914648,0.2036130663652059
2023-05-09,0.33259358964342123,0.2529926384295316,0.362096143958119
2023-05-10,0.4175212481707688,0.1243571962018564,0.37064934721832354
2023-05-11,0.3824319978474722,0.0006187986770511042,0.24523415155031283
2023-05-12,0.35390890305824735,0.03258295102955297,0.23340819497593093
2023-05-15,0.4204066824717457,0.03099869571838541,0.27544910182090265
2023-05-16,0.2561677111666236,0.12293822682172197,0.2352960004476881
2023-05-17,0.17252330166751936,-0.05274725274725275,0.05166476847040842
2023-05-18,0.32158810570764207,-0.06335218179878374,0.1559467606113411
2023-05-19,0.3284861310985314,0.010658273765069882,0.21825271931823975
2023-05-22,0.14093721505183726,0.17028699455883922,0.20461007473925363
2023-05-23,0.2515886048044328,0.19041928944841566,0.24978395161937586
2023-05-24,0.3170645503618058,0.12085778299370532,0.2544076304721489
2023-05-25,0.04829408362139909,0.1682385575589459,0.1570838713235447
2023-05-26,0.08368599738419963,0.3156620078950176,0.25432906219350654
2023-05-30,0.15193938822960681,0.17189800490771365,0.2122288726128748
2023-05-31,0.050326590598539236,0.14870372346100502,0.13603507967269024
2023-06-01,0.04786103713328535,0.09945588392190334,0.08750203378627872
2023-06-02,0.06392664730742963,0.12257548276965753,0.10820139128444903
2023-06-05,-0.2142251026122258,0.12049503894164089,-0.0492858381276909
2023-06-06,0.08466506339070644,0.11746505921263203,0.13059388986577505
2023-06-07,0.021775305623551178,0.12324762616024752,0.1231859124864969
2023-06-08,0.025392149142674965,-0.021401899071801983,0.008225820648566834
2023-06-09,0.045207331830191155,-0.19846367225008002,-0.1367029860223192
2023-06-12,0.02281607844223289,-0.2686226394964259,-0.1996351163455744
2023-06-13,-0.046150211806509724,-0.10642270351008215,-0.11723128052717557
2023-06-14,-0.06802955196282323,-0.1531099967993172,-0.14878158077815332
2023-06-15,0.0047811736915569615,-0.25562786727835274,-0.1550969022427713
2023-06-16,0.0779514048765872,-0.17715779366264803,-0.027856906615333604
2023-06-20,0.2583826648143466,0.02329030193107863,0.19906912235209884
2023-06-21,0.0859767268329458,-0.007766990291262136,0.05836585217906385
2023-06-22,0.091211349660731,0.004352928624773285,0.057576024314340946
2023-06-23,0.12200643909182574,0.16064227035100823,0.2072357541540559
2023-06-26,0.059548376269986034,0.09998933105729223,0.1283771348769922
2023-06-27,-0.04299006785659665,0.05872186066360824,0.024128071356023344
2023-06-28,0.13753940908259013,0.07316760908993919,0.11594156512998112
2023-06-29,0.1448628929235219,-0.23697855542515736,-0.04496533845327933
2023-06-30,0.18552651657008773,-0.27917422383441803,-0.08161893560728403
2023-07-03,0.32525906730133847,-0.11675024005121093,0.11419746503111967
2023-07-05,0.4260026015552088,0.11955617198335645,0.3346963382263787
2023-07-06,0.3604899345106694,0.16225328069988265,0.292463952121691
2023-07-07,0.3891998820641695,0.2784807425584125,0.34520615175009334
2023-07-10,0.3493160202557817,0.27245278992851807,0.3721673353527381
2023-07-11,0.25100471160163723,0.23521817987837404,0.26636757904774094
2023-07-12,-0.005042594035394217,-0.11202389843166542,-0.06415837147886198
2023-07-13,-0.1102143627264861,-0.1315160567587752,-0.16768913982151412
2023-07-14,-0.1449501951273321,-0.2141256801450976,-0.2455216635332687
2023-07-17,-0.32246018658767694,-0.12448522351434972,-0.2631256068175661
2023-07-18,-0.11736234731759418,-0.10652939293715993,-0.12312025563098274
2023-07-19,0.12548039015738954,0.07871545929798357,0.16668489326268432
2023-07-20,0.24528006196303942,0.23670116291475515,0.2926354366526789
2023-07-21,0.26770807357937737,0.2754507628294036,0.31630187193646003
2023-07-24,0.38814426325746754,0.2547210071481916,0.3498302299975902
2023-07-25,0.050792407342621256,0.1100714819161421,0.07677412127561108
2023-07-26,0.07448002714558372,0.0651338952309826,0.02928632584648699
2023-07-27,-0.001804454892340489,-0.02124186493118532,-0.05392155555738712
2023-07-28,-0.09521837642457157,-0.05690814040328603,-0.12365904011186356
2023-07-31,-0.24737632119078926,-0.11741171449909314,-0.2487103846743201
2023-08-01,-0.27609684362568954,-0.08410327536541129,-0.22081628516416374
2023-08-02,-0.275969862669939,-0.052683239091006084,-0.18438361866682076
2023-08-03,-0.3046670924517045,-0.2639496425904193,-0.30721548295232903
2023-08-04,-0.2108878625493393,-0.12228742131654753,-0.17614172852562654
2023-08-07,-0.22788085427651836,-0.11808385788968313,-0.19640718564620885
2023-08-08,-0.1227933470472233,0.0011309079270244318,-0.07517970740702974
2023-08-09,-0.35171690436924996,-0.11312279953056652,-0.24984596672970213
2023-08-10,-0.22380907640737036,-0.1605142430385149,-0.21347124830979183
2023-08-11,-0.25204654093211654,-0.015192574415875387,-0.13219529761254553
2023-08-14,-0.3029540484469887,-0.03741598207617625,-0.18979566253044822
2023-08-15,0.17051788459341197,0.1812333297770191,0.1821494111032644
2023-08-16,0.1351136972727267,0.20441694228101995,0.20163822052301672
2023-08-17,0.23549810916452776,0.19971193854689,0.25665878939226483
2023-08-18,0.11035601846697948,0.12005761229062199,0.1467524812205406
2023-08-21,0.2789096921249562,0.21468046516590206,0.3370132589454334
2023-08-22,0.13684856490041072,0.03138802944628187,0.13179948682299353
2023-08-23,0.2665004088347691,0.160268857356236,0.32498032890344514
2023-08-24,0.2973078536513243,0.22533873893097195,0.4097334842175554
2023-08-25,0.29237335954871646,0.25642803798143604,0.3684204911464716
2023-08-28,0.2573608859655335,0.19548703723461006,0.298456983609487
2023-08-29,0.036176642158877524,0.11492585084818095,0.08773885864492087
2023-08-30,0.10861804643532512,0.018147871545929797,0.06178049017856318
2023-08-31,-0.0226447517303328,-0.03250826843059853,-0.0722636401800045
2023-09-01,-0.2837618549597712,-0.1329136882534941,-0.30163476183694105
2023-09-05,-0.2789777290172633,0.036295743091859595,-0.18274106262504064
2023-09-06,-0.19051667904365635,0.05929798356982823,-0.0716705342870512
2023-09-07,-0.3198118559386704,0.18703723461005015,-0.0716693872801622
2023-09-08,-0.3382075562757443,0.058508481809452687,-0.1498464993633219
2023-09-11,-0.30093012824710474,0.019076069561506453,-0.19997492779041823
2023-09-12,-0.3103434671881304,-0.2557345567054305,-0.3963991838502495
2023-09-13,-0.35623433729577214,-0.24858636509121945,-0.4221523985256064
2023-09-14,-0.28615410119966705,-0.28440200576122904,-0.39792592439627444
2023-09-15,-0.09734921527050457,-0.2720580390483303,-0.2620412997012623
2023-09-18,-0.12023195085035521,-0.11415768697322096,-0.17876633043466703
2023-09-19,0.08057241504806413,0.19986130374479888,0.17226746187040776
2023-09-20,0.20533242401542437,0.22319428144670864,0.2586425334548127
2023-09-21,0.19876033036146762,0.33273231622746186,0.34259407442549883
2023-09-22,0.07540195284078617,0.16168782673637042,0.1458989589742561
2023-09-25,0.047227034990003344,0.10316867598420996,0.09724793154908212
2023-09-26,-0.030056397556484364,0.023877093780006402,-0.02015384779638651
2023-09-27,-0.0025534537266934873,0.06203990184572709,0.02736634899773641
2023-09-28,0.09349823207454598,0.08483943241224795,0.1118923273213912
2023-09-29,0.09797141130333255,0.14997332764323057,0.15351787345196644
2023-10-02,0.14851437358240982,0.1829937053238024,0.20988757453555562
2023-10-03,0.2699592243682967,0.20447028699455885,0.2943851572575621
2023-10-04,0.4068069650583336,0.23780006401365625,0.39038286118614585
2023-10-05,0.08778140446553002,0.005739891176784381,0.055639575057775975
2023-10-06,0.07629006176731455,0.09985063480209111,0.11455610448963524
2023-10-09,0.11685077053396073,0.015608663181478716,0.058770184414494664
2023-10-10,-0.1514465405942723,-0.27056438706924146,-0.2686415090466459
2023-10-11,-0.24728435157932416,-0.2709271311213059,-0.32584365566407647
2023-10-12,-0.26646855480062814,-0.258941264647418,-0.3307620907130249
2023-10-13,-0.26304633438045943,-0.1556385362210605,-0.27803324519815603
2023-10-16,-0.09991198962885088,-0.05278992851808386,-0.10155766563533554
2023-10-17,-0.21963014455646584,0.004598314307052171,-0.13080716892214095
2023-10-18,-0.08797106415534046,0.0830470500373413,0.005067950551528442
2023-10-19,-0.011560940403030162,0.10469433479142216,0.050440386538631095
2023-10-20,-0.11750239407337179,-0.06659554038194815,-0.10338030504445317
2023-10-23,-0.029677168143825653,-0.06705430491838259,-0.04681806792840047
2023-10-24,0.13983921147506903,-0.004651659020591059,0.09245132048365037
2023-10-25,0.37435682735931847,0.13970980475834846,0.28865517424450643
2023-10-26,0.40157799583088033,0.15829510295529714,0.31392172826906334
2023-10-27,0.4537149414815726,0.289491091432839,0.3995305361048703
2023-10-30,0.43242983729805073,0.2596713965646004,0.3906013276288314
2023-10-31,0.37658135847473573,0.18817881147978235,0.3216998854272493
2023-11-01,0.07386365156331588,-0.016942281019950923,0.026465794828916804
2023-11-02,0.01732654781436299,-0.021135175504107543,-0.005926866422206304
2023-11-03,0.011479904832669077,0.13912301290942067,0.07197691117707147
2023-11-06,0.18316053953861364,0.18276965752693908,0.1931250453758098
2023-11-07,0.3259049433369806,0.14963192147658166,0.2740151351728447
2023-11-08,0.36581924341660194,0.13578363384188627,0.2737544616848075
2023-11-09,0.3301814575091081,0.06354422276752374,0.2271443319308412
2023-11-10,0.34028909670454077,0.11918275898858423,0.25962123269805704
2023-11-13,0.02287555552381281,-0.012834738077456524,0.005910846515422843
2023-11-14,0.003654317568596656,-0.10216606787102347,-0.049212729743342176
2023-11-15,-0.011725949958720071,-0.08279099541235463,-0.04440152903684608
2023-11-16,-0.18416349711164964,-0.14996265870052278,-0.19044214967964487
2023-11-17,-0.043946664409474784,-0.19811159714072335,-0.12348023737730751
2023-11-20,0.1253804277547749,-0.09925317401045557,0.011566090268918014
2023-11-21,0.008263316532239844,-0.1710124826629681,-0.0975759386802607
2023-11-22,0.08204094078330716,-0.069337458657847,0.012440451748576763
2023-11-24,-0.053528369978116254,-0.06369358796543262,-0.0666636437395685
2023-11-27,-0.09806416569125388,-0.1757388242825136,-0.1467087751018909
2023-11-28,-0.16292233842294837,-0.12495465699349194,-0.14022022136197507
2023-11-29,0.04421445725149996,0.04044596180518511,0.0649176060585037
2023-11-30,0.1394384804977911,0.17709378000640136,0.18156114648547025
2023-12-01,0.10466592727146928,0.1773605035740958,0.14892760080117648
2023-12-04,0.03291063615227729,0.0444148084924784,0.0204215002227562
2023-12-05,0.09519745009686847,0.09982929691667555,0.08906375046015827
2023-12-06,0.11709411994720058,0.12192467726448308,0.1586059365975059
2023-12-07,0.08223416605453782,0.05892457057505601,0.09329246992194629
2023-12-08,0.15181715483296046,0.11219460151498986,0.1612220894022767
2023-12-11,0.21580469423822307,0.2611117038301504,0.2966932431788365
2023-12-12,0.17969777476718568,0.18592766456844126,0.21824253695482718
2023-12-13,0.07765498614131486,0.10982609623386322,0.10586038605209458
2023-12-14,0.04726820730532728,0.08732529606316014,0.07978767405942556
2023-12-15,-0.04658234333986805,0.030961271737970766,-0.0048545761092371725
2023-12-18,-0.09354220070924821,0.002901952416515523,-0.03670233765896854
2023-12-19,-0.04066586826819935,-0.07864077669902912,-0.07777540688581297
2023-12-20,-0.12116039141140894,-0.23818414595113624,-0.2145053867328212
2023-12-21,-0.06506164216365445,-0.20660407553611437,-0.15921772816418242
2023-12-22,-0.2027249790281196,-0.17630427824602582,-0.19108688007910657
2023-12-26,-0.1564959004876513,-0.2576976421636616,-0.2263941580882054
2023-12-27,-0.15747157830212055,-0.14859703403392724,-0.17139290455314304
2023-12-28,-0.07147315358227853,0.05765496639283047,-0.0010189329489847857
2023-12-29,-0.09962924438741855,-0.04485223514349728,-0.08646549366800758
2024-01-02,0.0700619104698906,0.026651018884028592,0.04245308184448716
2024-01-03,0.1273807881243959,0.11932145524378535,0.14155241417848696
2024-01-04,-0.036993171358685524,0.07896084498026246,0.03338979210738581
2024-01-05,-0.22732401383151155,-0.0031793449269177424,-0.13442374593467943
2024-01-08,-0.3169150833294105,0.057036167715779365,-0.15589632534305564
2024-01-09,-0.21427828400341362,0.022799530566520856,-0.11199906130243892
2024-01-10,-0.20790832700193626,-0.017155659874106475,-0.13854857700221032
2024-01-11,-0.015412767753869207,0.04891710231516057,0.023489306367073574
2024-01-12,0.0502996695320968,0.10560119492158328,0.08462545925642154
2024-01-16,0.23377059865968366,0.13268964045663076,0.22810471154085546
2024-01-17,0.1970652808977546,0.10379814360396884,0.1917003639207899
2024-01-18,0.08161947932395736,-0.06852661901205591,0.029580511550198797
2024-01-19,0.085915951862046,-0.025594793555958603,0.052366243708429704
2024-01-22,0.03973919898990564,-0.019790888722927558,0.016756110841107584
2024-01-23,-0.04653631746875074,-0.1745972474127814,-0.1228117441557133
2024-01-24,-0.1119591120855816,-0.14588712258615172,-0.15442229682242561
2024-01-25,-0.0802042184782878,-0.17456524058465805,-0.14360019434959403
2024-01-26,-0.20121206336092534,-0.15823108929905047,-0.2123055832624161
2024-01-29,0.06862428685051433,-0.08093459938120132,0.0004481254761294295
2024-01-30,0.13160520071981333,0.02388776272271418,0.08430357400368922
2024-01-31,0.2159321605020298,0.16920943134535368,0.2181915180485459
2024-02-01,0.21069956804022283,0.13899498559692736,0.19316945155547036
2024-02-02,0.33970407500055283,0.20563320174970662,0.34329154490034053
2024-02-05,0.06990261239330885,0.12910487570681745,0.11778513387569126
2024-02-06,0.15974689911153694,0.23822682172196735,0.22727357615449076
2024-02-07,0.11153584608535431,0.3165368611970554,0.2394831678421496
2024-02-08,-0.12089817417456765,0.16481382694974928,0.0327449940199641
2024-02-09,-0.29136101642955287,-0.04515096553931505,-0.21212816397870243
2024-02-12,-0.1912902954219293,-0.09459084604715673,-0.1705347785046525
2024-02-13,-0.20980498394287866,-0.14075536114371065,-0.22395424927464128
2024-02-14,-0.2281143059072278,-0.25193641310146164,-0.2883831596847726
2024-02-15,-0.17791838214191277,-0.10524911981222661,-0.18412327544777973
2024-02-16,-0.07859833403617535,-0.15121092499733277,-0.16608828589500527
2024-02-20,0.009705008429219187,-0.06559265976741704,-0.047457735676275675
2024-02-21,0.10229158508355998,-0.06285074149151819,0.014568946440807142
2024-02-22,0.06066878663189503,-0.019588178811479784,0.02224065685179483
2024-02-23,0.031052752935391198,-0.08474341192787795,-0.010061618106851302
2024-02-26,0.01882121979017836,-0.06537928091326149,-0.013187024225910803
2024-02-27,0.006498148765937101,-0.04582310892990504,-0.014275464185452115
2024-02-28,-0.09169285315537923,-0.026544329456950816,-0.06855731437418806
2024-02-29,-0.19497387276371042,0.024218499946655286,-0.08588171595199241
2024-03-01,0.0044547588815261625,0.08530886589139017,0.05932687131042975
2024-03-04,0.04698940776618059,0.14058465806038623,0.10126832138912044
2024-03-05,0.08088584491931325,0.18765603328710126,0.16199707669911304
2024-03-06,0.11758241220341331,0.14839432412247947,0.15809998364457126
2024-03-07,-0.123014381085865,0.11532060172836872,0.00212317056642605
2024-03-08,-0.06428466651618601,0.06016216792915822,-0.0016377394937121174
2024-03-11,0.03138288555635739,0.09325722820868453,0.08362741107722649
2024-03-12,0.12153596819439566,0.17590952736583804,0.17136790801440077
2024-03-13,0.038677320733102635,0.0883495145631068,0.06639050641256297
2024-03-14,0.1569175741262581,0.14748746399231835,0.1888435143831512
2024-03-15,0.061221605746602514,-0.016419502827269818,0.02651345413506456
2024-03-18,0.044966361210258,0.07775525445428358,0.07324957992523261
2024-03-19,-0.050989295345143036,-0.02163661581137309,-0.02329160657590219
2024-03-20,-0.10211322147538254,-0.1085458231089299,-0.12602159497638432
2024-03-21,-0.14478117243074873,-0.1498986450442761,-0.16934423400812512
2024-03-22,-0.4081827559026931,-0.26089832497599486,-0.38758618881131307
2024-03-25,-0.2770814065904792,-0.3855755894590846,-0.3654327316653866
2024-03-26,-0.19618315127780947,-0.46120772431452045,-0.3844003566240119
2024-03-27,-0.14526820741012317,-0.37847007361570467,-0.2960789548091515
2024-03-28,-0.11192795689725717,-0.3348981115971407,-0.24642772390216403
2024-04-01,0.08094835471580414,-0.12157260215512643,-0.007500666855165172
2024-04-02,-0.026317333911045272,-0.11299477221807319,-0.08775069827081143
2024-04-03,0.1087614101534247,0.1308972580817241,0.12757637455089957
2024-04-04,0.12124574568503445,0.04174757281553398,0.08889019291883717
2024-04-05,-0.05418598336824127,-0.11849994665528646,-0.1087683079390761
2024-04-08,-0.10977203781748784,-0.11008215085884988,-0.13521256004263577
2024-04-09,-0.1298652112629081,-0.28396457911021017,-0.23639875016587894
2024-04-10,-0.32705157516803185,-0.4287741384828763,-0.4503588953265795
2024-04-11,-0.23762629777341493,-0.421113837618692,-0.3792874427416956
2024-04-12,-0.19507666886361086,-0.32290621999359864,-0.30943058046087374
2024-04-15,-0.19322743744533258,-0.3598163870075399,-0.3209361510666374
2024-04-16,-0.012824855917887536,-0.1881574735943668,-0.10773236055356922
2024-04-17,-0.0934554017183306,-0.1420676410967673,-0.16409446646064374
2024-04-18,0.1223869213855528,0.16552864611117038,0.1588709764275788
2024-04-19,0.10223814316673759,0.10994345460364878,0.10427035825639767
2024-04-22,-0.14378806047647544,0.03017176997759522,-0.07714098248002174
2024-04-23,-0.08644392411177731,-0.10527045769764216,-0.10628264158957755
2024-04-24,0.07661056953738492,-0.0916888936306412,-0.0013230265321608156
2024-04-25,-0.012168221261351307,0.012877413848287635,0.009879968005523397
2024-04-26,0.005062818442949038,0.08235356876133575,0.04372782802761136
2024-04-29,0.01742860117308618,0.0322842206337352,0.028679724450767333
2024-04-30,0.14132641263332565,0.13068387922756855,0.1533332089246824
2024-05-01,0.13289089747985527,-0.07675237383975247,0.033667105911349894
2024-05-02,0.0272817963408806,-0.21195988477541874,-0.1267340782577479
2024-05-03,-0.10349233282741067,-0.22916888936306412,-0.21639442220906974
2024-05-06,0.025335296636075085,-0.07648565027205805,-0.036590895796265156
2024-05-07,-0.05760469466719312,0.0675770831110637,0.010242704087029526
2024-05-08,0.09891909852958672,0.1864397738184146,0.1860622683169078
2024-05-09,0.08644807500301026,0.1850528112664035,0.1619108586636614
2024-05-10,0.09253331651984045,0.16841992958497812,0.14921925456076682
2024-05-13,-0.07309994592022011,0.11309079270244318,0.03458007250591293
2024-05-14,-0.1916046919374918,0.11783847220740425,-0.04951628006721783
2024-05-15,-0.15059310617996743,0.13930438493545289,0.006284359263951622
2024-05-16,0.027913974883207144,0.16178384722074043,0.13586411467038717
2024-05-17,-0.08116852818423083,0.12972367438386856,0.04008012831075427
2024-05-20,0.038144624272492524,0.06155979942387709,0.062330124575024036
2024-05-21,0.18980399741383014,0.03733063053451403,0.1454197243272593
2024-05-22,0.15970594017081627,0.07604822362103915,0.14518422113442356
2024-05-23,0.018909250404960314,0.0035527579216899606,0.006406956434090167
2024-05-24,-0.08024414825535245,0.008183079056865465,-0.053139220444175135
2024-05-28,-0.015105918044685364,0.08012375973541022,0.01185887775943948
2024-05-29,-0.01712220087509565,0.08053984850101355,0.03195467666122419
2024-05-30,0.06448256601394553,0.05070948469006722,0.06187684383865432
2024-05-31,0.22636436095006962,0.18814680465165903,0.24088576409748902
2024-06-03,0.22232359026635828,0.23521817987837404,0.2980813098589875
2024-06-04,0.289434937215515,0.1343433265763363,0.27229588646362557
2024-06-05,0.20229035256597971,0.09458017710444895,0.18436678145348528
2024-06-06,0.09561077122847185,-0.002976635015469967,0.06319467603516413
2024-06-07,0.0782896318759506,0.00997546143177211,0.04159520303992427
2024-06-10,-0.0857517820032106,-0.05221380561186387,-0.09493122230707578
2024-06-11,-0.17899434945507936,-0.027003093993385255,-0.12974368720180654
2024-06-12,-0.05428577578184117,-0.03227355169102742,-0.03732185301711384
2024-06-13,0.033476754458337844,-0.02639496425904193,0.00865840128102593
2024-06-14,0.0072300602119520045,-0.03539955190440627,-0.01090945949823079
2024-06-17,0.08584573821210015,0.12242611757174864,0.1301692130716285
2024-06-18,-0.042223160536591364,0.16864397738184145,0.0807404543130347
2024-06-20,0.027673076951228653,0.1319534834097941,0.10786732647568957
2024-06-21,0.1151228839925032,0.30134428678117997,0.2543324542562426
2024-06-24,0.15202117010895042,0.18172410114157686,0.21112942756772757
2024-06-25,0.1801701359744122,0.2801877733916569,0.277620247126247
2024-06-26,0.12621537974839117,0.10485998309005369,0.1436413542558342
2024-06-27,0.10681129614824958,0.05294996265870052,0.09861724610478943
2024-06-28,0.1990007558714481,-0.008993918702656567,0.09023787819153305
2024-07-01,0.18462539928824911,-0.005131761442441054,0.11491597775754833
2024-07-02,0.08627220939620461,-0.11149045129627654,-0.004913428184488805
2024-07-03,0.10680303209690503,-0.149279846367225,-0.01627174352987632
2024-07-05,0.08304634938126018,-0.1836658487143924,-0.05570003821493505
2024-07-08,0.16051260010833443,-0.09683132401579003,0.04235251445152469
2024-07-09,0.09225401388465596,-0.11973754400938867,-0.012323286227191711
2024-07-10,-0.10197396558262403,-0.12619225434759415,-0.11834278517846766
2024-07-11,-0.18590172802438726,-0.19052597887549344,-0.21763183936950795
2024-07-12,-0.16610785268637415,-0.07715779366264804,-0.13958165523220883
2024-07-15,-0.053025534141747814,-0.06201856396031153,-0.07940614768223063
2024-07-16,-0.15119616883037834,-0.015896724634588712,-0.08931815095512047
2024-07-17,-0.21284041510865417,-0.01573669049397205,-0.12074120916757254
2024-07-18,-0.2009933372003665,-0.12684305985276859,-0.18299764494654888
2024-07-19,-0.3332773189734352,-0.12897185792176977,-0.2695363870224784
2024-07-22,-0.2708266652062017,-0.3117891816920943,-0.33772198921404334
2024-07-23,-0.047902179208770684,0.11206657420249654,0.023413619276953308
2024-07-24,-0.2356292560779865,-0.10489704470286995,-0.2085162682232504
2024-07-25,-0.22948047376752373,-0.12403712792062306,-0.19955775943549803
2024-07-26,-0.2130084081015424,-0.24772218073188948,-0.2672321589318498
2024-07-29,-0.09390512957264524,-0.05761229062199936,-0.09022480186426379
2024-07-30,-0.3413503378190547,-0.2666702229809026,-0.347600173245815
2024-07-31,-0.07007660634169176,0.061005014403072655,-0.02124821955919582
2024-08-01,-0.00867948585104109,0.26521924677264486,0.1527434719073487
2024-08-02,0.17107175923244358,0.3125573455670543,0.3147051062612744
2024-08-05,0.3060385076206093,0.4549237170596394,0.46506963182277333
2024-08-06,0.30219189719681633,0.4522991571535261,0.47359197701314626
2024-08-07,0.38886280844168386,0.4082897684839432,0.47077558468107933
2024-08-08,0.3907127389797779,0.39740744692201,0.4917565787267824
2024-08-09,0.35824932992112307,0.38768804011522456,0.46624735974859305
2024-08-12,0.2977558819336305,0.20460898324975996,0.31160378976025427
2024-08-13,0.14746130833749077,0.23759735410220847,0.24638234014630533
2024-08-14,-0.11379476836371077,-0.09698068921369893,-0.1313779832400312
2024-08-15,0.2110070470805219,0.004737010562253281,0.11490745389143549
2024-08-16,-0.10681512710538027,-0.149855969273445,-0.16947895736281496
2024-08-19,-0.1928219322382125,-0.1085458231089299,-0.16309862329482647
2024-08-20,-0.2222050361505121,-0.10107756321348554,-0.2021888096129738
2024-08-21,-0.2862965853619999,-0.1518617305025072,-0.2621563807155057
2024-08-22,-0.34281172100169155,-0.22242611757174863,-0.35508549288118546
2024-08-23,-0.30806744912486494,-0.3360183505814574,-0.40717406524951544
2024-08-26,-0.22024593951391788,-0.2879654326256268,-0.2815569207665324
2024-08-27,-0.20284466006873142,-0.2172836871865998,-0.23394096567869388
2024-08-28,-0.20814161062815328,-0.2885095487037235,-0.2772801717563355
2024-08-29,-0.13375407136991527,-0.27523738397524805,-0.24622836801972633
2024-08-30,0.0012003937370399936,0.005622532806998827,-0.021915177411819718
2024-09-03,0.11514637524384976,0.23815213912301292,0.17513657156796072
2024-09-04,0.10566442518385273,0.12722714179024858,0.12206487633147457
2024-09-05,0.24940712258094072,0.239347060706284,0.3000797585294959
2024-09-06,0.21723344513657444,0.2442227675237384,0.28111421451355256
2024-09-09,0.38748349822846345,0.3855222447455457,0.45983462322035357
2024-09-10,0.2548538414725195,0.20770297663501547,0.2892359400029148
2024-09-11,0.41070953026946516,0.3836765176571002,0.4819354240263994
2024-09-12,0.4270273178384636,0.4318894697535474,0.5128140844853929
2024-09-13,0.3189922883534431,0.4875920196308546,0.4667342435387592
2024-09-16,0.2810886969121865,0.3177424517230342,0.3758252138415949
2024-09-17,0.1375706276370432,0.20050144030726555,0.21387761213719536
2024-09-18,0.025770239811697206,0.04169422810199509,0.012403241394710088
2024-09-19,0.025565431618384937,0.04837298623706391,0.027676935316971938
2024-09-20,-0.016700338289358893,0.015576656353355383,0.003830324114441158
2024-09-23,-0.1932499422655988,-0.1153312706710765,-0.20932912261508554
2024-09-24,-0.13407349320105852,-0.1477968633308439,-0.17930846860798597
2024-09-25,-0.12297053226032223,-0.1536861197055372,-0.16502225895273823
2024-09-26,-0.012456405247840856,0.04642056972154059,0.04276919474429136
2024-09-27,0.013644501909457376,0.13453536754507628,0.09482121681814858
2024-09-30,0.16045822714363098,0.1317080977275152,0.1667071225366338
2024-10-01,0.3079480402623916,0.1446495252320495,0.2662121505529158
2024-10-02,0.2303637073224802,0.13467406380027738,0.2053384477562042
2024-10-03,0.11006002592862901,0.09382268217219673,0.12550714227882093
2024-10-04,0.04046150532410924,0.09611650485436893,0.07711451426500181
2024-10-07,-0.07748877297696465,0.05011202389843167,-0.03774792751088102
2024-10-08,-0.27514704255351785,-0.05557452256481383,-0.2114770103846827
2024-10-09,-0.274015746221267,-0.02411181051957751,-0.21904032853870087
2024-10-10,-0.15032258569714974,-0.1308119065400619,-0.17575353452590084
2024-10-11,-0.08370182614993169,0.007372239411074362,-0.02423521442246224
2024-10-14,0.041599974996474935,0.07498132935026139,0.08803155951548411
2024-10-15,-0.06548762307872293,0.24133148404993066,0.119837719826544
2024-10-16,0.08961013497420879,0.1563106796116505,0.15063176697987798
2024-10-17,0.10460107102418241,0.1877200469433479,0.16801015794191418
2024-10-18,0.12504834714849794,0.009474021124506562,0.08077844352632264
2024-10-21,0.1518541642902884,-0.030779899711938546,0.06883932342251138
2024-10-22,0.24468717962086206,-0.038984316654219565,0.1340823251973265
2024-10-23,0.08371187374166769,0.05638536221060493,0.10738502109080718
2024-10-24,0.0030780802821397126,0.00842846473914435,0.023397927493688155
2024-10-25,-0.17168357371179208,0.15464632454923716,-0.014505356181829639
2024-10-28,-0.010514691770666449,0.16968953376720367,0.10409681502614956
2024-10-29,0.03903074035559263,-0.06224261175717486,-0.01746144805681482
2024-10-30,-0.011870306945847701,-0.04748746399231836,-0.041751470632900724
2024-10-31,-0.016553615218817427,-0.05348340979408941,-0.05269657863108212
2024-11-01,-0.02575675134954106,-0.06338418862690708,-0.08876986529375305
2024-11-04,0.007260912742476979,-0.03967779793022511,-0.03570990372292674
2024-11-05,-0.15351128774013612,-0.05690814040328603,-0.1409332065474719
2024-11-06,-0.19614297173816347,-0.16295743091859596,-0.2175105227893312
2024-11-07,-0.1800392645915361,-0.3073722394110744,-0.2860960927749615
2024-11-08,-0.1279148554337082,-0.16943347914221701,-0.1698496698726598
2024-11-11,-0.0017018234632360395,-0.04741278139336392,-0.04971790632686391
2024-11-12,-0.1757707683695943,-0.06096233863224154,-0.15750824904663896
2024-11-13,-0.2090131908247014,0.09017390376613678,-0.07198585253469483
2024-11-14,-0.06817963592525575,0.25480635868985385,0.12129973921918458
2024-11-15,-0.039671890916038205,0.238482876346954,0.12196754906471893
2024-11-18,-0.11159954573990737,0.11281340019204097,0.016734638358991253
2024-11-19,-0.09361071049877052,0.06486717166328816,-0.006337622437114023
2024-11-20,0.06130396999226054,0.1179131548063587,0.1085720840906775
2024-11-21,0.21426799551502865,0.15517977168462604,0.20994118526826347
2024-11-22,0.2043014485155662,0.1541982289555105,0.17882149620344512
2024-11-25,0.3482572737007159,0.27439453750133364,0.3448503982077293
2024-11-26,0.23797379643359948,0.1898324975994879,0.23403756001771223
2024-11-27,0.2260011801352855,0.2959351328283367,0.2777632557842452
2024-11-29,0.18657098889152005,0.19470820441694228,0.21976415742333555
2024-12-02,0.07572023090479141,-0.07042569081404033,-0.012013870382526291
2024-12-03,-0.011731253491667294,0.06477115117891817,0.021270182596695837
2024-12-04,0.16829744690770795,0.13296703296703297,0.17561248863764714
2024-12-05,0.1078847694253238,0.1077349834631388,0.12065180592302185
2024-12-06,-0.16749083471338225,0.06305345140296596,-0.07176275408242584
2024-12-09,-0.008483891533683396,0.1464099007788328,0.07625931908852535
2024-12-10,-0.0556814274306468,-0.0945054945054945,-0.08755308033494559
2024-12-11,-0.06339991711233531,-0.08317507734983463,-0.09325736616412587
2024-12-12,-0.1225279284754421,-0.05294996265870052,-0.09537755731434226
2024-12-13,0.10684467326064884,0.1235890323268964,0.12873695677814445
2024-12-16,0.10669572850665891,0.11519257441587538,0.11412308524510675
2024-12-17,0.03518783697509311,-0.012407980369145418,-0.004843855028247592
2024-12-18,0.13131893710298692,0.17859810092819803,0.16424515158135705
2024-12-19,0.10196420506588307,0.1350581457377574,0.13917770526735118
2024-12-20,0.005025836148393565,-0.18624971994786624,-0.09717232020101646
2024-12-23,0.12022537489573365,-0.07155659874106476,0.013720845882371439
2024-12-24,0.16435717999056274,-0.008908567160994346,0.08315529204224467
2024-12-26,0.019158641832860156,0.029200896191187452,0.024108019340083903
2024-12-27,-0.08028106752856576,0.01699562573348981,-0.05726677194885176
2024-12-30,-0.07466442235916117,-0.026651018884028592,-0.07901026468680666
2024-12-31,-0.1556159718359272,-0.04379600981542729,-0.11232622409116884
2025-01-02,-0.24260031886198832,-0.1781286674490558,-0.23554359418512597
2025-01-03,-0.26145297644619253,-0.13049183825882854,-0.25782394049220403
2025-01-06,-0.22870710351704454,-0.08604502293822683,-0.22433356643702831
2025-01-07,-0.13367908589576177,-0.11898004907713645,-0.206955417921025
2025-01-08,0.08708599550625011,0.07405313133468473,0.040805221659276344
2025-01-10,0.1138939306699118,0.11082897684839432,0.1150449325579221
2025-01-13,0.17792954777314204,0.21224794622852874,0.20508990453595596
2025-01-14,-0.029819053298293197,0.12610690280593193,0.04578263124705461
2025-01-15,-0.017468414185991765,0.20638002773925104,0.10007815277537238
2025-01-16,-0.002347374017795801,-0.0871545929798357,-0.05023645867194466
2025-01-17,-0.08867384019908434,0.041011415768697324,-0.03140037347759758
2025-01-21,-0.2624852964552676,0.01089299050464099,-0.15105119693865823
2025-01-22,-0.18890412455019132,-0.012600054945246316,-0.1094635651603786
2025-01-23,-0.21293712890607785,-0.05744158753867492,-0.15674046434680505
2025-01-24,-0.14889451099482184,0.013613570895124293,-0.08636087217199062
2025-01-27,0.03499861314676063,-0.0763576229595647,-0.03348706700763977
2025-01-28,-0.18238128148319527,-0.10022404779686334,-0.17786906030427507
2025-01-29,-0.14455215315325537,-0.08685586258401792,-0.13984417316986145
2025-01-30,-0.14831629767440324,-0.09079270244318788,-0.15769903776391217
2025-01-31,0.01309682583885526,0.014637789395070948,0.003627663071615443
2025-02-03,-0.00185116525007743,0.07469326789715139,0.03605208832062399
2025-02-04,0.032004140001494076,0.09047263416195456,0.07488990323431999
2025-02-05,-0.0949096302850973,-0.02815533980582524,-0.06338037562740678
2025-02-06,-0.006892504677719347,0.07805398485010136,0.04769348147209579
2025-02-07,-0.09065884248696794,-0.016835591592873147,-0.06001584425993863
2025-02-10,-0.007021456644346485,0.0788434866104769,0.038900210204825376
2025-02-11,-0.03910522148144372,0.16367225008001707,0.07121994174199862
2025-02-12,-0.160659175167862,-0.012439987197268751,-0.11033607134809714
2025-02-13,-0.20149009007461974,-0.10531313346847328,-0.18402430480486384
2025-02-14,-0.18026332673189535,-0.15179771684626053,-0.1797866100184363
2025-02-18,-0.18073327238467635,-0.2030193107863011,-0.20718002912702016
2025-02-19,-0.25454661912299537,-0.29349194494825565,-0.28714020171563176
2025-02-20,-0.2748627570748019,-0.31170383015043207,-0.31385551031376085
2025-02-21,-0.2925718071805447,-0.3070628400725488,-0.32917665876304825
2025-02-24,-0.23853269808216238,-0.1631814787154593,-0.2233164579890302
2025-02-25,-0.22922107283775997,-0.10436359756748106,-0.179734700802641
2025-02-26,-0.10504610823057862,0.07238877627227142,-0.008487460862772567
2025-02-27,-0.16223757713601905,0.0886802517870479,-0.04634761783517792
2025-02-28,-0.08585543373818195,0.037479995732422916,-0.016798608744008774
2025-03-03,-0.03520003428848099,-0.002293822682172197,-0.007404700505003287
2025-03-04,-0.13720992284128605,0.06021551264269711,-0.05968962890858722
2025-03-05,-0.04605157883399065,0.10507841672890217,0.020176100794792047
2025-03-06,0.13921541971620965,0.21755041075429424,0.1975636625737282
2025-03-07,0.3290530131094931,0.45723887762722715,0.4533834788628355
2025-03-10,0.1846679117058304,0.2214445748426331,0.23828309435061612
2025-03-11,-0.003110079753580264,-0.0030086418435933,0.01246189015506204
2025-03-12,0.2091862047635384,0.17325296063160142,0.24622828781623649
2025-03-13,0.0708819568191141,0.18115864717806465,0.14616059736971718
2025-03-14,0.24669789182809967,0.30804438280166435,0.321049234569913
2025-03-17,0.34832707416602,0.3903766136775845,0.4627753082088381
2025-03-18,0.11169554457988433,0.25107222874213164,0.22065260633100933
2025-03-19,-0.153654106310717,0.079846367225008,-0.062155075686448444
2025-03-20,-0.4034398419695875,-0.34166222127387175,-0.4728037048455738
2025-03-21,-0.5326867486022525,-0.4136349087805398,-0.5912921018740513
2025-03-24,-0.3682313772529139,-0.4722714179024859,-0.5326149295416839
2025-03-25,-0.1338380414292053,-0.29014189693801345,-0.2713982019471859
2025-03-26,-0.2941506011575879,-0.41243998719726876,-0.439736251580455
2025-03-27,-0.2067558172677685,-0.2817987837405313,-0.2832038757883811
2025-03-28,-0.07447871054268151,-0.17510935666275473,-0.16470839292467437
2025-03-31,-0.17332394018336278,-0.23092926490984744,-0.2520851951178158
2025-04-01,0.06437021254360478,0.0880614531099968,0.07422166748111735
2025-04-02,0.31228514218204606,0.3163661581137309,0.35044210024054534
2025-04-03,0.21513718306179985,0.22084711405099755,0.23193423465101384
2025-04-04,0.23712589268137255,0.09352395177637896,0.20083594977209787
2025-04-07,0.3393133518484275,0.23998719726875067,0.3447930032504957
2025-04-08,-0.538871607641756,-0.4477648565027206,-0.5368217778631189
2025-04-09,-0.1781232499084325,-0.29143283900565453,-0.2637126976502109
2025-04-10,-0.17313198729985008,-0.12595753760802306,-0.1603610525754609
2025-04-11,-0.10335470378560574,-0.01623817411233268,-0.06557324580253265
2025-04-14,0.1807827683999259,0.2686866531526726,0.25614147404486515
2025-04-15,0.6209514741946327,0.5416195455030407,0.6646892825768299
2025-04-16,0.5586764649890053,0.49482556278672785,0.6059392005750569
2025-04-17,0.5904779991934539,0.5370959137949429,0.6189312749849712
2025-04-21,0.4311229401817383,0.47068174543902697,0.5006974952394818
2025-04-22,0.2407414301015999,0.34701803051317615,0.33330665991410047
2025-04-23,0.13035180257938636,0.006145310999679932,0.06383432738767697
2025-04-24,0.16257002541186505,-0.047295423023578365,0.04437367136383515
2025-04-25,0.19571283629241393,-0.1283153739464419,0.032061626640377934
2025-04-28,0.0951378353775014,-0.14056332017497067,-0.03563007459654809
2025-04-29,0.22252339993718837,0.04889576442974501,0.15741953387462873
2025-04-30,0.2964985352875674,0.17740317934492691,0.2750320745684489
2025-05-01,0.20984972284185296,0.14574842633095061,0.21132902837140893
2025-05-02,0.43585727467424257,0.4898965112557346,0.5392580505519117
2025-05-05,0.38387186001424833,0.4176037554678331,0.501217635608215
2025-05-06,0.2606263687110781,0.3202069774885309,0.3426567089431822
2025-05-07,0.24436159536135355,0.18572495465699349,0.2417226581357273
2025-05-08,0.14880179652596826,0.13353248693054517,0.18877748359606092
2025-05-09,-0.22676033686174776,-0.36805718553291367,-0.3607774730301524
2025-05-12,-0.15931004849247285,-0.18159607382908355,-0.2204730710641914
2025-05-13,-0.042115825844611605,0.09595647071375227,0.021114795048688167
2025-05-14,0.053421789659881744,0.10340339272378107,0.08842631987205579
2025-05-15,0.06610159351374824,0.14553504747679505,0.12259475611840145
2025-05-16,-0.00844810448892893,0.15960738290835377,0.07555372995916046
2025-05-19,0.03400228523021952,0.1590739357729649,0.1189524841722833
2025-05-20,0.07313750318830872,0.14010455563853622,0.12674940588425285
2025-05-21,0.0006124228557444431,-0.1375760162167929,-0.08524201876656926
2025-05-22,0.2516274170349488,-0.009196628614104342,0.1400511062415891
2025-05-23,0.18764502206662514,-0.10068281233329777,0.03365598769744208
2025-05-27,0.15207237437254686,-0.0825669476154913,0.05056761202138369
2025-05-28,0.05614655094161427,-0.07869412141256801,-0.030114536633607934
2025-05-29,0.34412670869984097,-0.04016334194867041,0.1897942418538237
2025-05-30,0.3750042051197005,-0.026330950602795264,0.20474574843134363
2025-06-02,0.412610708621527,0.33402325829510293,0.45130470276968815
2025-06-03,0.4275224374843371,0.4211778512749387,0.5179139197683316
2025-06-04,0.3307917960308653,0.35715352608556494,0.405791225766675
2025-06-05,0.3295190774748048,0.16932678971513923,0.3251207614066361
2025-06-06,0.28999781978705463,0.21632348234289983,0.30789748870410183
2025-06-09,0.12323207016912047,-0.01267470393683986,0.05630669680559537
2025-06-10,0.03567834285352874,8.535154166222128e-05,0.027926553437563017
2025-06-11,-0.10530839679621153,-0.017753120665742025,-0.08495485529798993
2025-06-12,-0.09698070755983224,0.0091219460151499,-0.06833088388279214
2025-06-13,-0.11797502037573603,0.0714925850848181,-0.05510166524609922
2025-06-16,-0.0265647617121136,0.10470500373412994,0.03453252003525056
2025-06-17,0.1346282306418401,-0.024954656993491944,0.04727521999916496
2025-06-18,0.2239716437867346,-0.00938866958284434,0.1427904584540994
2025-06-20,0.2348013720327184,0.005633201749706604,0.1557928879349589
2025-06-23,-0.11104658745868407,0.03918702656566734,-0.0431572546018976
2025-06-24,-0.11543828891440293,-0.07013762936093033,-0.12077404212695335
2025-06-25,-0.05461864144339566,0.03818414595113624,-0.010658529627435296
2025-06-26,-0.04148091184445712,-0.10075749493225221,-0.09632788937446157
2025-06-27,0.0769770325536206,-0.12504000853515418,-0.03447291702997042
2025-06-30,0.36682193893144005,-0.1948895764429745,0.10031660680359321
2025-07-01,0.30879954760137673,-0.07397844873573028,0.13964988843302148
2025-07-02,0.13638013202781676,-0.08965112557345567,0.012232301710478961
2025-07-03,0.0800250026226477,-0.06013016110103489,0.0013709993631020902
2025-07-07,0.074057398848359,0.011181051957750987,0.047376830131166
2025-07-08,0.062188841047116736,0.02834738077456524,0.05743291006288161
2025-07-09,0.0452810182426185,-0.06352288488210818,-0.0021871799253869793
2025-07-10,0.11341317987691157,-0.05460364877840606,0.025995572279925605
2025-07-11,0.18960989318864532,-0.060695615064547105,0.07556581006568461
2025-07-14,-0.07770428340756566,-0.10563881798506045,-0.1036057424200708
2025-07-15,-0.0567876379997066,-0.20723354315587325,-0.18967370585972096
2025-07-16,-0.0033417276722947664,-0.07038301504320922,-0.06347123311852142
2025-07-17,0.18159304304225146,-0.080134428678118,0.07985041394513435
2025-07-18,0.18219906267265384,-0.10938866958284434,0.033982214057764845
2025-07-21,0.17860699415143907,-0.07842739784487357,0.07150611493967077
2025-07-22,0.16466474062466427,-0.05843379921049824,0.0649819687765033
2025-07-23,0.12194831826337554,-0.11889469753547423,-0.006150842343138187
2025-07-24,0.0634747682478253,-0.07042569081404033,-0.023744238653408405
2025-07-25,-0.04930577923737982,-0.1441694228101995,-0.11870518951149041
2025-07-28,0.11690611592371992,0.0040115224581243995,0.0717825611735438
2025-07-29,0.041260642081446385,-0.070105622532807,-0.02089090427085833
2025-07-30,0.09331340291999571,0.04980262455990611,0.09480344207543784
2025-07-31,0.16014394063657214,-0.04466019417475728,0.058941831696587156
2025-08-01,0.13600358998077267,0.016888936306412035,0.10426724862778868
2025-08-04,0.1632674709180819,-0.15861517123653046,-0.005484026708586504
2025-08-05,0.09702150822411272,-0.01677157793662648,0.050150702853187075
2025-08-06,0.057802859809786916,-0.05641736903872826,0.003926328006236772
2025-08-07,0.10834656073981647,0.1425477435186173,0.15596484455209003
2025-08-08,0.16052836448872257,0.19423877093780006,0.21594731393517871
2025-08-11,-0.06469426448900131,0.27886482449589245,0.13312279785018505
2025-08-12,-0.14434119117252708,0.17896084498026246,0.024992731580285185
2025-08-13,-0.274939535292438,0.22543475941534194,-0.016302666262472072
2025-08-14,-0.15724295463523108,-0.07127920623066254,-0.12949241155816008
2025-08-15,-0.14809775150500024,-0.06257334898111597,-0.11991144545622158
2025-08-18,-0.03955615232345017,-0.09047263416195456,-0.08091671475264774
2025-08-19,0.22721403907260362,0.025776165581990824,0.15003227486148066
2025-08-20,0.2462537110858731,0.09878374053131335,0.20198021925056203
2025-08-21,-0.043158801739102616,-0.06381094633521818,-0.06271905259492824
2025-08-22,-0.13538445279356864,-0.19523098260962338,-0.19721743597475744
2025-08-25,-0.2022170710766724,-0.1757388242825136,-0.2403928485305675
2025-08-26,-0.1856462891255677,-0.27619758881894807,-0.2669095721854808
2025-08-27,-0.24016681197732348,-0.12653366051424303,-0.21499617249704453
2025-08-28,0.21292406858738622,0.06737437319961592,0.17492151475655823
2025-08-29,0.28262696230120665,0.19525232049503893,0.26661723290467276
2025-09-02,0.26609043084174805,0.1968953376720367,0.25357281939904697
2025-09-03,0.10283789998244115,0.06755574522564814,0.08655944096328193
2025-09-04,0.04622706781413564,0.01267470393683986,0.02139197188855241
2025-09-05,0.001747616877430388,-0.18326042889149685,-0.11474600910559922
2025-09-08,0.22776681121977524,-0.12768590632668303,0.04847055813508549
2025-09-09,0.030417183175954893,-0.24253707457590953,-0.13081180576213572
2025-09-10,0.21811979242566976,-0.059361997226074895,0.10450197663697888
2025-09-11,0.22615271720791036,0.09423877093780006,0.21209074058672311
2025-09-12,0.2025286303388509,0.18383655179771685,0.2403416306031264
2025-09-15,0.06424782106337161,0.08897898218286568,0.09443841341065418
2025-09-16,0.00453552020271932,0.052768590632668304,0.0368138741585534
2025-09-17,-0.0696695903734652,-0.03712792062306625,-0.06640046735581344
2025-09-18,-0.04225435156775576,-0.11240798036914541,-0.0926035582202398
2025-09-19,-0.1568268085658129,-0.09102232748972815,-0.1437304953515989
2025-09-22,-0.061491643962369,0.012845407020164302,-0.0632581860407048
2025-09-23,-0.0846199628629033,0.023162274618585298,-0.046821903940264115
2025-09-24,-0.00613738862325863,0.07921689960524912,0.03674442672656699
2025-09-25,0.06105826097153703,0.07624026458977916,0.06612200698380952
2025-09-26,0.20100892207967924,0.17436253067321028,0.22248480312403227
2025-09-29,0.08919739275131855,0.14307052171129842,0.14222651369519387
2025-09-30,0.15820772655176188,0.05720687079910381,0.13923800788420865
2025-10-01,0.28324165532918116,0.06560332871012482,0.19218961305686258
2025-10-02,0.14099371983872944,0.07254881041288808,0.11317352654956947
2025-10-03,0.11104635409480353,0.12045236317080978,0.12159217308632662
2025-10-06,-0.02496594393156088,0.0004267577083111064,-0.016670667632827315
2025-10-07,0.001616742846539544,-0.06821721967353035,-0.050577067221742475
2025-10-08,-0.07980562941145718,-0.05728155339805825,-0.09522844214293935
2025-10-09,0.055369442013329134,-0.0723034247306092,-0.008642027997870503
2025-10-10,0.06327275354028382,-0.002123119598847754,0.054226926253980616
2025-10-13,0.19348736779818135,0.018115864717806466,0.12321258534127054
2025-10-14,0.06953941595711127,-0.005291795583057719,0.02894576804325048
2025-10-15,0.1938490959116765,0.01408300437426651,0.11829003843356323
2025-10-16,0.24240161384343178,0.03081190654006188,0.17132066015269495
2025-10-17,0.23785702038659792,0.05347274085138163,0.2072206889201837
2025-10-20,0.3034835351971743,-0.03840819374799957,0.18452288886091495
2025-10-21,0.3028082131710339,-0.008417795796436573,0.1870758827613902
2025-10-22,0.23002222998556274,0.02205270457697642,0.15107504943779632
2025-10-23,0.2704086555990407,0.06301077563213485,0.19654307843385152
2025-10-24,0.1672920976066843,0.007009495359009922,0.10366727039537042
2025-10-27,-0.07275986972795608,-0.05803904833031047,-0.07881912680869022
2025-10-28,-0.18370529689334172,0.000597460791635549,-0.1244605201423864
2025-10-29,-0.14147495968487167,-0.02419716206123973,-0.13267361075422351
2025-10-30,-0.2867334253451252,-0.07838472207404246,-0.23883789860907234
2025-10-31,-0.3281841187090084,-0.05152032433585832,-0.24290096298416838
2025-11-03,-0.12784335422444046,-0.007158860556918809,-0.07590270507825839
2025-11-04,-0.3688620119843879,0.022586151712365304,-0.21260035749474146
2025-11-05,-0.15543113196285246,0.05619332124186493,-0.056776292997177964
2025-11-06,-0.16404237955337947,0.04023258295102955,-0.06636899052199964
2025-11-07,-0.24867860499157252,-0.02460258188413528,-0.164593291263146
2025-11-10,-0.1580495545790007,-0.0774138482876347,-0.14174219680947023
2025-11-11,-0.1696116387375519,-0.10919662861410434,-0.15995305545686217
2025-11-12,-0.12385455848821088,-0.19229702336498453,-0.19325308054304327
2025-11-13,-0.09195246524838421,-0.28391123439667126,-0.22762687972018072
2025-11-14,0.039852497789835094,-0.06448308972580817,-0.010285052800708733
2025-11-17,0.14039237852410819,-0.06785447562146592,0.060868428740245145
2025-11-18,0.14682240543661784,-0.07441587538674917,0.04847042884492448
2025-11-19,0.3244947381514904,0.16430171769977595,0.29766077202447955
2025-11-20,0.45666718782130605,0.15234183292435718,0.3689015852320596
2025-11-21,0.28083571115860606,0.33239091006081295,0.3688841827204142
2025-11-24,0.20745058349234943,0.2893630641203457,0.2936301537879556
2025-11-25,0.15284960759632535,0.22694974927984637,0.22648514856641366
2025-11-26,0.330906626192593,0.18191614211031687,0.32565670174547606
2025-11-28,0.24122809484665772,0.18001707030833244,0.2652736250167542
2025-12-01,0.21780851759376157,0.14366798250293397,0.23440167297927775
2025-12-02,0.20722104961366378,0.14420142963832283,0.2169955003279207
2025-12-03,0.11832680792055907,0.032839005654539635,0.1096535683982701
2025-12-04,-0.18109054824394466,-0.2119385468900032,-0.21349998952503396
2025-12-05,-0.23951022305601333,-0.17734983463138804,-0.2517811180847241
2025-12-08,-0.20606987316849576,-0.15640670009602048,-0.2342230844514397
2025-12-09,-0.30675540755869457,0.04397738184145951,-0.16834973733016462
2025-12-10,-0.17201637807043477,0.09610583591166115,-0.055870004786811506
2025-12-11,0.0730879645284158,0.03158007041502187,0.05345339902261542
2025-12-12,0.21668345552458426,-0.001408300437426651,0.11793011486506493
2025-12-15,0.08928925364192576,-0.10240051210924997,-0.03588604169489401
2025-12-16,0.2579372005871301,0.024805291795583058,0.14326561969803103
2025-12-17,0.18775363776513695,0.08818948042249013,0.13791503075860873
2025-12-18,-0.1001327178284027,0.15190440627333832,0.025196321164686054
2025-12-19,0.14472715643111395,0.16407766990291262,0.20182497628109486
2025-12-22,0.06426476458754483,0.1633308439133682,0.16424296102388422
2025-12-23,0.04471976349691957,0.08460471567267684,0.0864256145638889
2025-12-24,-0.023671630023273355,-0.21157580283793875,-0.14538044213216722
2025-12-26,0.05568757743710793,-0.1967993171876667,-0.08229730418122937
2025-12-29,0.23062813146323546,-0.20535580923930438,0.019236822043468185
2025-12-30,0.026946026003800267,-0.27657100181372024,-0.15731859557601485
2025-12-31,-0.014206042229304529,-0.13424730609196628,-0.09942092926251832
2026-01-02,-0.0020889187673178993,-0.02816600874853302,-0.029175624596847083
2026-01-05,-0.071882536099281,0.06471780646537928,0.004406414375916863
2026-01-06,-0.0692464784177527,0.018585298196948683,-0.03708119615893462
2026-01-07,-0.00917077678154145,0.05139229702336499,0.0499910644807044
2026-01-08,-0.03367237406964405,0.006230662541342153,-0.014985049634649309
2026-01-09,-0.08007301089057738,-0.06344820228315375,-0.08552452591663601
2026-01-12,-0.05705914910476428,-0.08422063373519684,-0.09157010869786382
2026-01-13,-0.055404057877189855,-0.08388989651125574,-0.08235218813339339
2026-01-14,-0.12504590333313872,0.02639496425904193,-0.06478905550534975
2026-01-15,-0.15607068219413622,0.11516056758775206,-0.044924578981975306
2026-01-16,0.0045221025673692124,-0.009911447775525446,-0.013763376622113202
2026-01-20,-0.03255034826990448,0.10263522884882108,0.03072786636176496
2026-01-21,-0.16894688665077537,-0.16116504854368932,-0.18280315611855916
2026-01-22,0.01445113917174739,-0.18469006721433906,-0.09054924891102095
2026-01-23,0.05740008774923752,-0.16120772431452043,-0.06350442654360382
2026-01-26,-0.14899150838349948,-0.18923503680785234,-0.19067179519623956
2026-01-27,-0.17684929966364302,-0.2769977595220314,-0.2646459473739372
2026-01-28,-0.31168090895206085,-0.4084071268537288,-0.4333951271123391
2026-01-29,-0.1904412509076553,-0.36825989544436144,-0.33648708908687125
2026-01-30,-0.247050545740562,-0.4777872612824069,-0.43103908180881656
2026-02-02,-0.24781263070588586,-0.30331804118211886,-0.32867438794235115
2026-02-03,-0.1716951287912508,-0.2742024965325936,-0.2802522290887263
2026-02-04,-0.04965439068415407,-0.24428678117998506,-0.17356582159974251
2026-02-05,-0.2291170749581422,-0.3020484369998933,-0.31526386709860665
2026-02-06,-0.2815071519127842,-0.29056865464632453,-0.3259502281706822
2026-02-09,-0.20097403615507373,-0.1992851808385789,-0.24694664126064153
2026-02-10,-0.04644609059410542,-0.14198228955510508,-0.10287268948206144
2026-02-11,-0.003505872291668227,0.0313773605035741,0.03353329191094007
2026-02-12,-0.17932885759836595,-0.2531526725701483,-0.24950521467358924
2026-02-13,-0.13658626659398415,-0.29309719406806783,-0.25980032601888203
2026-02-17,-0.05837063149597225,-0.16623279632988372,-0.13226535225143793
2026-02-18,0.08169018575402702,0.14459618051851061,0.12398808245230304
2026-02-19,-0.16449045790094746,-0.1724847967566414,-0.20402175455518665
2026-02-20,0.15280279715223632,0.11416835591592873,0.13472602690717234
2026-02-23,0.003936725240052977,0.0014296383228422063,0.004870424308655607
2026-02-24,-0.07622521248999883,-0.06683025712151926,-0.08018095404838392
2026-02-25,0.1321530629554152,-0.015875386749173156,0.06390833050277077
2026-02-26,0.22032160415394203,0.11267470393683986,0.18769204510930607
2026-02-27,0.2484002609966059,0.27353035314200363,0.28227499334640205
2026-03-02,0.3351699804707327,0.2068281233329777,0.2945811284385229
2026-03-03,0.34620672111234624,0.09323589032326897,0.23610748067913112
2026-03-04,-0.07352165674159915,-0.23193214552437855,-0.16260652711698784
2026-03-05,-0.11200788450794526,-0.17775525445428358,-0.16935797930859803
2026-03-06,-0.139924790600634,-0.16675557452256481,-0.17485076579800904
2026-03-09,-0.0636846289588134,0.007991038088125466,-0.03621659541574486
2026-03-10,0.0510437934992184,0.08106262669369466,0.07972750221244829
2026-03-11,0.33605298780240317,0.2743091859596714,0.32959998307106086
2026-03-12,0.36801865225534397,0.30103488744265444,0.37694952566346146
2026-03-13,0.41374120454811114,0.35423023578363383,0.4423461632364931
2026-03-16,0.1393613326408049,0.04171556598741065,0.11860979972745042
2026-03-17,0.05571459968214085,-0.030875920196308547,0.023365483105353583
2026-03-18,-0.19458086867505792,-0.13880294462818735,-0.19128908623390956
2026-03-19,-0.45033124288536563,-0.3909740744692201,-0.463373583593903
2026-03-20,-0.6701312702971368,-0.48330310466232795,-0.6560345272908172
2026-03-23,-0.308788500350388,-0.289203029979729,-0.34665478837782115
2026-03-24,0.028374061564883826,0.011607809666062093,0.016046774655588368
2026-03-25,0.17834220086266397,0.11345353675450763,0.179678956307626
2026-03-26,0.46704179354723446,0.36325616131441374,0.512501667249073
2026-03-27,0.4099677717169964,0.36138909634055266,0.4701696176910265
2026-03-30,0.3227000610073092,0.2913368185212845,0.3583822123373943
2026-03-31,0.14320196516641956,0.35905259788754934,0.29257766563943244
2026-04-01,0.039231132570464886,0.32075109356662757,0.22105987543441716
2026-04-02,0.14709663142962304,0.2997652832604289,0.2608180741208179
2026-04-06,0.2879184547761264,0.3717273018243892,0.3845846076752951
2026-04-07,0.3964330211103442,0.2919022724847968,0.41183358782558344
2026-04-08,0.4707837080271005,0.18905366478182012,0.40716358753571225
2026-04-09,0.4582506252508853,0.27943027845940466,0.4725802322687359
2026-04-10,0.41564033925345706,0.15639603115331271,0.3581509114419651
2026-04-13,0.36720180147214126,0.055009068601301614,0.2548111162233679
2026-04-14,0.34085349820901617,0.15379280913261495,0.30780105575033295
2026-04-15,0.05607097257330141,-0.05839112343966713,0.00865810103624394
2026-04-16,-0.010226991248578685,-0.036434439347060706,-0.018537535176288113
2026-04-17,0.0655301643927212,-0.10600661474447882,-0.021141186648618072
2026-04-20,-0.03218802365855323,-0.052768590632668304,-0.0475258194031039
2026-04-21,-0.11629623981828287,-0.108876560332871,-0.13015668109597278
2026-04-22,-0.030456000124196452,-0.03775738824282514,-0.04110341739278381
2026-04-23,-0.04755029897588802,-0.06382161527792596,-0.07136169774393158
2026-04-24,0.06024744833094201,0.09194494825562786,0.08371142715091383
2026-04-27,-0.05076025413205891,0.04567374373199616,-0.004246420420827241
2026-04-28,-0.12480576762616591,-0.060471567267683775,-0.09733795692698699
2026-04-29,0.23999095904453097,0.17290088552224475,0.24068176370888641
2026-04-30,0.08479804578076727,-0.016600874853302038,0.0315920876031896
2026-05-01,0.005832426131280369,-0.1193427931292009,-0.09088169010088266
2026-05-04,0.002874396800367017,-0.17279419609516697,-0.13498778373874126
2026-05-05,-0.1291841915074905,-0.128838152139123,-0.1634414568195008
2026-05-06,-0.18586349413418693,-0.25981009281980155,-0.2776140344584933
2026-05-07,-0.061314883562274484,-0.07197821396113825,-0.08681840129038956
2026-05-08,-0.14476370510559347,0.10225114691134109,-0.02867400723862616
2026-05-11,-0.08832785328339392,0.1988157473594367,0.06595200438144413
2026-05-12,-0.13458216840000667,0.2444148084924784,0.051265363616997246
2026-05-13,-0.11992142478023025,0.21478715459297984,0.03886903179710771
2026-05-14,-0.19883369869515405,0.19724741278139338,-0.012157649349533329
2026-05-15,0.040561436830305705,0.14883175077349833,0.128010542113799
2026-05-18,0.2005924632359017,0.0736370425690814,0.16092800199117238
2026-05-19,0.304721254642499,0.20370212311959884,0.29210899755699715
2026-05-20,0.3482411945616888,0.18821081830790568,0.3349132724315655
2026-05-21,0.2837526012623484,0.02940360610263523,0.21132902837140893
2026-05-22,0.24544678318117977,-0.00938866958284434,0.14855457111604506
2026-05-26,0.24503721379813762,0.12978768804011523,0.2184773534507397
2026-05-27,0.10656168709001515,0.09369465485970341,0.11424547629777451
2026-05-28,-0.2761172774746306,-0.04409474021124506,-0.21213091149420105
2026-05-29,-0.33089853530316293,-0.12273551691027419,-0.28205244484799114
2026-06-01,-0.3253116749612732,-0.08736797183399125,-0.2551367447058949
2026-06-02,-0.48305680684870156,-0.3109249973327643,-0.48997631455333823
2026-06-03,-0.42798422230982824,-0.4275578790141897,-0.5160638126268584
2026-06-04,-0.3847925117867026,-0.3362103915501974,-0.4339274381136288
2026-06-05,-0.23727330207473143,-0.1854795689747146,-0.24172201336917484
2026-06-08,-0.2329123154001027,-0.19049397204737012,-0.25020204691848597
2026-06-09,-0.07028568515151652,-0.20967673103595433,-0.18952332440828001
2026-06-10,-0.027132844108529678,0.0012696041822255414,-0.017636185659810354
2026-06-11,-0.03565979967294514,-0.004705003734129948,-0.01629715773672493
2026-06-12,-0.5108015157432394,-0.2904833031046623,-0.4882533687823897
2026-06-15,-0.4500229561244361,-0.22123119598847754,-0.3890918984585284
2026-06-16,-0.336573761898454,-0.2212418649311853,-0.34068636642966693
2026-06-17,-0.3586128510901273,-0.3429531633415129,-0.40669936915561616
2026-06-18,-0.18979941355356755,-0.14391336818521286,-0.19933264167104467
2026-06-22,-0.016436301655451693,-0.04973861090365945,-0.04018543019009784
2026-06-23,0.0618636985853091,0.089683132401579,0.07458203971447322
2026-06-24,-0.05084512778484965,0.11431772111383762,0.015614580732454624
2026-06-25,0.1443838216672732,0.23680785234183294,0.2019401834910939
2026-06-26,-0.010184965507454161,0.1745439026992425,0.0866394601679195
2026-06-29,-0.014563544382895532,0.24595113624239837,0.1410749866814884
2026-06-30,0.09735748258194077,0.2999573242291689,0.22876500432659522
2026-07-01,0.23828496735701316,0.24115011202389844,0.2847265941634961
2026-07-02,0.0976366557621249,0.15048543689320387,0.16042806454355824
2026-07-06,0.22759809459584823,0.1413528219353462,0.20174760080894846
2026-07-07,-0.005637667926512919,0.00975141363490878,-0.00965044478706837
2026-07-08,-0.14282945469334427,-0.04659127280486504,-0.09722359296706458
2026-07-09,-0.22392864248846128,-0.1618905366478182,-0.2192306258561768
2026-07-10,-0.11377781103271771,-0.032839005654539635,-0.0847074262472644
2026-07-13,-0.11722112915236663,-0.16955083751200256,-0.15609654616237456
2026-07-14,-0.2429155198882486,-0.24099007788328178,-0.2865342965608311
2026-07-15,-0.11983236351248232,-0.22797396777979304,-0.20321623004380387
2026-07-16,-0.1505585557745511,-0.1953696788648245,-0.20234297491347045
2026-07-17,-0.2327701358382426,-0.21534193961378428,-0.23711670209161964
2026-07-20,-0.20232154634094057,-0.1313773605035741,-0.15379773178896264
2026-07-21,-0.18632219527902627,-0.1392190333937907,-0.16374378193846434
2026-07-22,0.003397879337229486,-0.007756321348554358,0.0006134707508164236
2026-07-23,0.0533199089444208,0.13798143603968846,0.11017636332422634
2026-07-24,0.14755931362584987,0.19454817027632562,0.21172968594782735
2026-07-27,0.3729052023139998,0.46171983356449375,0.4558989843987723
2026-07-28,0.35641023083825396,0.3636935879654326,0.39286228708861914
2026-07-29,0.35351764028538063,0.3903126000213379,0.414223185004479
2026-07-30,0.36631054564085286,0.40009602048437,0.4674110192255652
2026-07-31,0.20274272318419692,0.2632348234289982,0.2611805939433089
2026-08-03,-0.027278991864729065,-0.014819161421103169,-0.020479745655898433
2026-08-04,-0.0438741785352731,-0.08351648351648351,-0.08740787768259825
2026-08-05,0.05550788257129608,-0.011341086098367651,0.007516450573101267
2026-08-06,-0.12365911120048644,-0.09386535794302785,-0.15476946231977232
2026-08-07,-0.1392022619881937,-0.08884028592766458,-0.18161595258487734
2026-08-10,-0.3017591164586999,-0.09634055265123226,-0.27452601719014247
2026-08-11,-0.13307961174611294,-0.07796863330843913,-0.11351494091200984
2026-08-12,-0.11377922320500855,-0.1534834097940894,-0.18187298291391416
2026-08-13,-0.042883055870755034,-0.0809452683239091,-0.09061908194522804
2026-08-14,-0.09683131348089553,0.035687613357516274,-0.052504667986156196
2026-08-17,0.09346357594566096,0.11780646537928091,0.13462005252060352
2026-08-18,-0.0051769596004827174,0.07933425797503467,0.03245106070772363
2026-08-19,0.16049519640948376,0.11352821935346208,0.1601640959441043
2026-08-20,-0.010128888534884027,0.1447455457164195,0.10691441423804397
2026-08-21,0.32294871393513425,0.21047690173903766,0.3462210429412588
2026-08-24,0.08114424433723672,0.07815000533447135,0.1182589769993352
2026-08-25,0.046819483006481775,0.09466552864611118,0.09704755024728881
2026-08-26,-0.11380232189799104,0.0066787581350688146,-0.05788055802117644
2026-08-27,0.09892212432773133,0.026373626373626374,0.07506968438011392
2026-08-28,0.051107204099916585,0.19449482556278672,0.13932484776733742
2026-08-31,0.033198238736260294,0.2050144030726555,0.13295991042578817
2026-09-01,0.1198239920059395,0.130278459404673,0.14303585788206355
2026-09-02,-0.0668533639455627,0.14578043315907394,0.02942557187423068
2026-09-03,0.10187489439278276,0.004886375760162168,0.07057787978602241
2026-09-04,0.03800936812954572,-0.09272378107329564,-0.0391031352131508
2026-09-08,0.1527480568971147,0.005707884348661048,0.09428854162475458
2026-09-09,0.3303692156069871,0.07798997119385469,0.2701790045555176
