date,lightgbm,ridge,ensemble,ensemble_causal
2018-01-16,-0.059520993273979646,-0.015260414625543756,-0.03863653757249952,-0.03863653757249952
2018-01-17,0.03599572374707406,-0.0155939737653889,0.016411738325371714,0.016411738325371714
2018-01-18,0.014512958154310526,-0.07125641928508222,-0.022552106840012784,-0.022552106840012784
2018-01-19,-0.00247644434456705,-0.07549331469477816,-0.04181629430045524,-0.04181629430045524
2018-01-22,0.014434074762483274,-0.08365134728108432,-0.03725139410224255,-0.03725139410224255
2018-01-23,0.07538101283018715,-0.13933456517320575,-0.029995228375553483,-0.029995228375553483
2018-01-24,-0.1561203332569198,-0.15634382578108927,-0.17383476626022049,-0.17383476626022049
2018-01-25,-0.026486991865367068,-0.22324142448451734,-0.13844069128162054,-0.13844069128162054
2018-01-26,0.03049216488727403,-0.12804897575285945,-0.05270774833446159,-0.05270774833446159
2018-01-29,-0.013565970025585183,0.0014060094390854277,-0.006303600076528098,-0.006303600076528098
2018-01-30,-0.11501788723484063,-0.05028233278654566,-0.08708958162514006,-0.08708958162514006
2018-01-31,0.12431835707059044,-0.0350253902167572,0.05881818940452443,0.05881818940452443
2018-02-01,0.10079146397615779,0.017507712435623105,0.0654870079687782,0.0654870079687782
2018-02-02,0.0050926278943033134,-0.0015324239338955004,0.004317078864175443,0.004317078864175443
2018-02-05,-0.012858318543939894,-0.1906901281498609,-0.11460762161185797,-0.11460762161185797
2018-02-06,0.049280481059699184,0.013243496303402675,0.03334354598195904,0.03334354598195904
2018-02-07,-0.08716609095337002,0.023369406390137668,-0.03881658829494787,-0.03881658829494787
2018-02-08,-0.0329297555131313,0.09790347051545469,0.03617686125886653,0.03617686125886653
2018-02-09,0.049544897239375434,0.12808178301300532,0.09334615395418351,0.09334615395418351
2018-02-12,0.016572593061208493,0.18046982683813032,0.1050584404787908,0.1050584404787908
2018-02-13,-0.09961616625331011,-0.02173744114567879,-0.06707430306891954,-0.06707430306891954
2018-02-14,-0.009403817456098952,-0.00024342322021264656,-0.009312309968531569,-0.009312309968531569
2018-02-15,0.011473023586516551,0.13663955122355403,0.08310407834217097,0.08310407834217097
2018-02-16,-0.03952804572861789,0.06444790307861986,0.01491957155598211,0.01491957155598211
2018-02-20,-0.004009539970818894,-0.007395126145458385,-0.00705895921140755,-0.00705895921140755
2018-02-21,0.03923300432764711,-0.032131296222686276,0.006069697387408639,0.006069697387408639
2018-02-22,0.06402991842973033,0.08647008436952396,0.08391527663267725,0.08391527663267725
2018-02-23,0.06246905424394941,0.0002912344151518036,0.03970802028859584,0.03970802028859584
2018-02-26,0.08452012383900928,0.1307157693190534,0.12305480976253161,0.12305480976253161
2018-02-27,0.06115519625571748,0.14296284269870507,0.11511068474035097,0.11511068474035097
2018-02-28,-0.059366360801482485,0.08404156332752954,0.014342425793829909,0.014342425793829909
2018-03-01,0.0440819845593134,0.15628225440742585,0.11188313507508718,0.11188313507508718
2018-03-02,-0.08367100038828461,0.11244196061006842,0.015866971689216837,0.015866971689216837
2018-03-05,-0.039961707320097746,0.0051842750542852424,-0.02262345629347458,-0.02262345629347458
2018-03-06,-0.0385521707811647,-0.11689753377013463,-0.09164401924063692,-0.09164401924063692
2018-03-07,-0.027447475066759593,-0.14568608554365367,-0.10084049609309739,-0.10084049609309739
2018-03-08,0.08457196602825007,-0.1628196328498088,-0.044702955838122616,-0.044702955838122616
2018-03-09,0.019944912909031404,-0.21325281333484403,-0.11202083190940028,-0.11202083190940028
2018-03-12,-0.11576613438470344,-0.2482466100539868,-0.20582793278488465,-0.20582793278488465
2018-03-13,-0.02984469820804894,-0.06526371957249007,-0.051945812902508146,-0.051945812902508146
2018-03-14,-0.03291172831557673,-0.1531418270172826,-0.1025722161251703,-0.1025722161251703
2018-03-15,-0.06107748895694187,-0.20603843935975455,-0.14984991606635933,-0.14984991606635933
2018-03-16,-0.10131452980925881,-0.16280194156276767,-0.15103159413245162,-0.15103159413245162
2018-03-19,-0.05809785073256484,-0.226917517173425,-0.16303870186863378,-0.16303870186863378
2018-03-20,-0.06735431281106713,-0.24294224018721414,-0.16938553197280312,-0.16938553197280312
2018-03-21,0.045531215758995866,-0.12599208370889994,-0.0398420141075557,-0.0398420141075557
2018-03-22,-0.04980937217791424,-0.26004037252588963,-0.17528024611425622,-0.17528024611425622
2018-03-23,-0.0037103555612784753,-0.23597176112283688,-0.13432929993184312,-0.13432929993184312
2018-03-26,0.11624720774385704,0.024038204222395155,0.08253671905360083,0.08253671905360083
2018-03-27,0.055570012148763566,0.11677828226560444,0.09088863849214691,0.09088863849214691
2018-03-28,-0.18145858451392594,-0.340885469655677,-0.29004239343223226,-0.29004239343223226
2018-03-29,-0.03253052677852097,-0.0710987092946078,-0.05801722828332975,-0.05801722828332975
2018-04-02,0.14894027499205384,0.22996637871294673,0.20068626729291467,0.20068626729291467
2018-04-03,0.017296538623626134,0.025634229912185304,0.013881769818500036,0.013881769818500036
2018-04-04,0.17309956312317182,0.29366008917472647,0.248381872629887,0.248381872629887
2018-04-05,0.22748822913575822,0.3556167037101316,0.30877297842048257,0.30877297842048257
2018-04-06,0.21967573438436,0.33194430603687175,0.2961298604616023,0.2961298604616023
2018-04-09,0.06258556095895627,0.0823481264591113,0.07305661464139615,0.07305661464139615
2018-04-10,0.10766285264517525,0.21670135875802687,0.17369496396387493,0.17369496396387493
2018-04-11,-0.08217670012708614,-0.07748111902989044,-0.08334575740409582,-0.08334575740409582
2018-04-12,-0.02697943667806896,0.044557073995487605,0.012327397746534621,0.012327397746534621
2018-04-13,-0.016052995931367775,0.06307867760648864,0.029548715369236988,0.029548715369236988
2018-04-16,-0.07623164389006769,-0.18503025993875233,-0.13727993176131995,-0.13727993176131995
2018-04-17,-0.05482183360357371,-0.20267017536434384,-0.1377815827857648,-0.1377815827857648
2018-04-18,-0.01611469149739646,-0.1732422131252055,-0.10614513786278316,-0.10614513786278316
2018-04-19,-0.020119920053297803,-0.16621837542478685,-0.09935883197378849,-0.09935883197378849
2018-04-20,-0.03722011760283391,-0.1898336176396022,-0.12416848933759748,-0.12416848933759748
2018-04-23,0.07891187608574332,0.028002060251149093,0.053555467267100164,0.053555467267100164
2018-04-24,0.025123867001830714,0.03894770433156607,0.03234760660543915,0.03234760660543915
2018-04-25,0.09660461923436535,0.06925181725493419,0.0939071900943884,0.0939071900943884
2018-04-26,0.13400377714587416,0.1701818443217644,0.1718574026898518,0.1718574026898518
2018-04-27,0.16027714411984761,0.24847348249329537,0.22571561904640733,0.22571561904640733
2018-04-30,0.2105995678622744,0.2798164002504119,0.267735152960252,0.267735152960252
2018-05-01,0.14620662264951167,0.2514744862381519,0.216411977054292,0.216411977054292
2018-05-02,0.09601901522287709,0.27581092369263427,0.2045739402314336,0.2045739402314336
2018-05-03,0.05609241055241636,0.214768087794918,0.15042373569387082,0.15042373569387082
2018-05-04,0.11742692546705558,0.29308360252828647,0.2277174897061392,0.2277174897061392
2018-05-07,0.03483717127933458,0.1881707083984032,0.1238218805633854,0.1238218805633854
2018-05-08,0.13838035534798532,0.25969046573126237,0.2188906822223897,0.2188906822223897
2018-05-09,0.08250108002231234,0.24889278992976094,0.18676846504677014,0.18676846504677014
2018-05-10,0.08865092987450751,0.22527223378454245,0.17663463983852254,0.17663463983852254
2018-05-11,0.016459111753484006,0.09359172578481928,0.06356398992641507,0.06356398992641507
2018-05-14,0.020813127382865206,0.03822952765383302,0.03366674901189093,0.03366674901189093
2018-05-15,-0.012742376998633623,-0.10484671419242322,-0.061154192261699485,-0.061154192261699485
2018-05-16,-0.02307000073564425,-0.12385447503955144,-0.08434665543502434,-0.08434665543502434
2018-05-17,0.0773356719423934,0.008234566542041067,0.04860512962886397,0.04860512962886397
2018-05-18,0.10689356752569139,0.019452468041190368,0.07077497916688694,0.07077497916688694
2018-05-21,0.03986586419875449,-0.01994300941590878,0.015591614852607053,0.015591614852607053
2018-05-22,0.035009941272758575,-0.061932164207857805,-0.015213705407457168,-0.015213705407457168
2018-05-23,-0.10552287566056459,-0.05529551882206035,-0.0871317129601811,-0.0871317129601811
2018-05-24,-0.13960726853266647,-0.10550943923965089,-0.12935207095404236,-0.12935207095404236
2018-05-25,-0.09245533789798398,0.06218868093539881,-0.012925822905843067,-0.012925822905843067
2018-05-29,-0.005792440893745906,0.11118279690290507,0.06291704134853145,0.06291704134853145
2018-05-30,0.06902490776457151,0.1965136967511855,0.15072043457110915,0.15072043457110915
2018-05-31,0.1051663036966952,0.18209317037941092,0.16682007100435445,0.16682007100435445
2018-06-01,0.12327904646202252,0.24601929246048854,0.20480051766309235,0.20480051766309235
2018-06-04,0.09007127153525865,0.14110968433116539,0.12656950498226954,0.12656950498226954
2018-06-05,0.06581528280865977,0.04054607852468103,0.05681522668812935,0.05681522668812935
2018-06-06,-0.0240134594867696,0.03003650311659184,0.0016743502193511213,0.0016743502193511213
2018-06-07,0.030956393216847032,0.026677453126487102,0.032615340860924,0.032615340860924
2018-06-08,0.03642971912282568,-0.009166102150387137,0.015447112141300092,0.015447112141300092
2018-06-11,0.04630017093086882,-0.028199968318039198,0.009516481590253301,0.009516481590253301
2018-06-12,0.026879895195919806,-0.06898090348731098,-0.025808657794603784,-0.025808657794603784
2018-06-13,-0.03284734546716755,-0.1459140404996109,-0.10140573991348609,-0.10140573991348609
2018-06-14,0.031838046344453835,-0.11563316332529014,-0.04810049932129671,-0.04810049932129671
2018-06-15,0.02063565466159815,-0.19792396105677448,-0.0980367967954101,-0.0980367967954101
2018-06-18,0.08858385726042582,-0.1242547545333923,-0.022640553459257935,-0.022640553459257935
2018-06-19,-0.037859466238194146,-0.20142605209972064,-0.1328480976754543,-0.1328480976754543
2018-06-20,0.0027396861476102767,-0.14233860899456385,-0.07789231050131341,-0.07789231050131341
2018-06-21,0.006287796930897609,-0.18778506205946735,-0.10280803034720408,-0.10280803034720408
2018-06-22,-0.04016728343569273,-0.03485205941137281,-0.0466954378528616,-0.0466954378528616
2018-06-25,-0.11722225711959687,-0.18752620802111963,-0.17763006495151074,-0.17763006495151074
2018-06-26,-0.059355387724710135,-0.05137628135864606,-0.06723706926251263,-0.06723706926251263
2018-06-27,-0.06521657830353994,0.036600025753139365,-0.01966139795245296,-0.01966139795245296
2018-06-28,0.18997251132298357,0.39939804835991694,0.33127602405346523,0.33127602405346523
2018-06-29,0.10070563601856465,0.2470506497069181,0.19516726652682517,0.19516726652682517
2018-07-02,-0.00926105285551929,0.1304414423997447,0.059805710380844465,0.059805710380844465
2018-07-03,-0.021540374247430973,0.17712841794905415,0.08280144268569589,0.08280144268569589
2018-07-05,-0.0008235968244131195,0.10141829856239055,0.060499836243318006,0.060499836243318006
2018-07-06,-0.12873138156442998,-0.24764073944095374,-0.2131973130672438,-0.2131973130672438
2018-07-09,-0.15593371308955334,-0.12454723456600267,-0.1618111782108595,-0.1618111782108595
2018-07-10,0.16656907532620133,0.23200231307986038,0.21910999144414628,0.21910999144414628
2018-07-11,0.1470635114583365,0.1047762849350572,0.13616620434083207,0.13616620434083207
2018-07-12,0.012508135335025134,-0.008691295072555632,0.005125142877906764,0.005125142877906764
2018-07-13,-0.04730276378850246,-0.0008973292027525987,-0.022688950181002573,-0.022688950181002573
2018-07-16,-0.1076518296095976,-0.12441846885476639,-0.12159016245171508,-0.12159016245171508
2018-07-17,-0.15581994701794946,-0.1534835771652048,-0.1662956196321542,-0.1662956196321542
2018-07-18,-0.09457059287382813,-0.13085302539288757,-0.11887989718907824,-0.11887989718907824
2018-07-19,0.030448275989483502,-0.0587868097779982,-0.015494706103317253,-0.015494706103317253
2018-07-20,0.05388038377441327,-0.060279927115254484,-0.005727038352711781,-0.005727038352711781
2018-07-23,0.15072427905206054,0.030400349346933978,0.1026259217839719,0.1026259217839719
2018-07-24,0.0665418572492288,-0.018999994401491443,0.0293400755992359,0.0293400755992359
2018-07-25,0.07486236066711828,0.04969135422323493,0.06700033495993798,0.06700033495993798
2018-07-26,0.04686030041596918,0.05392393866274025,0.054725648707087814,0.054725648707087814
2018-07-27,0.11276880154879389,0.1289064469319179,0.13137511012729516,0.13137511012729516
2018-07-30,0.16089537397744294,0.20512644805777805,0.19592983713065684,0.19592983713065684
2018-07-31,0.1209890325217362,0.1668007322849193,0.1545854692413475,0.1545854692413475
2018-08-01,0.07417561868532652,0.11027079352098337,0.09777044384789021,0.09777044384789021
2018-08-02,0.040800669821056526,0.09010083477283665,0.07200745640272405,0.07200745640272405
2018-08-03,-0.048494211346741214,-0.027485917902414194,-0.037942088502686766,-0.037942088502686766
2018-08-06,-0.08717154564230226,-0.12165531716698227,-0.11164485568533321,-0.11164485568533321
2018-08-07,-0.08510465954008217,-0.11396994150192351,-0.10292696752379883,-0.10292696752379883
2018-08-08,-0.054543797188414934,-0.14135004941182178,-0.10326868919706535,-0.10326868919706535
2018-08-09,-0.07629106910351054,-0.057544422381639516,-0.06806903076192397,-0.06806903076192397
2018-08-10,-0.056155039545451875,-0.06446671618001719,-0.0644204579662409,-0.0644204579662409
2018-08-13,0.03032186543834241,0.05672199524121058,0.04520295328717667,0.04520295328717667
2018-08-14,0.11098567728978384,0.1475473367102551,0.1360680662732206,0.1360680662732206
2018-08-15,0.08878478351218737,0.1271111220646267,0.11425542761027294,0.11425542761027294
2018-08-16,0.14442666043577312,0.2547389561584316,0.22030773137163676,0.22030773137163676
2018-08-17,0.21022803515203625,0.380465412194797,0.32323427545145517,0.32323427545145517
2018-08-20,0.13036604080584488,0.18570160656084186,0.17389472565777186,0.17389472565777186
2018-08-21,0.07228393650985851,0.14256619824435743,0.11674596242576435,0.11674596242576435
2018-08-22,0.07604605297928506,0.11041232381731243,0.09995785789059748,0.09995785789059748
2018-08-23,-0.049571322844921564,-0.07591381550195735,-0.07130288428822855,-0.07130288428822855
2018-08-24,-0.24787523701044775,-0.320862569393805,-0.31379342372378527,-0.31379342372378527
2018-08-27,-0.11893875854327997,-0.1444455917202106,-0.14035884248887015,-0.14035884248887015
2018-08-28,-0.08642374595847502,-0.14083112690415944,-0.11921819570240359,-0.11921819570240359
2018-08-29,-0.1469420147124218,-0.13989324420633287,-0.15170396440503234,-0.15170396440503234
2018-08-30,-0.08779069977683165,-0.08304698567923617,-0.08919615581528506,-0.08919615581528506
2018-08-31,-0.053223688135946065,-0.07393984611750928,-0.06417231018139813,-0.06417231018139813
2018-09-04,-0.10551618841957217,-0.11641847308821215,-0.11926231461098291,-0.11926231461098291
2018-09-05,-0.05945804006632796,0.006608810207764452,-0.030081346518231623,-0.030081346518231623
2018-09-06,-0.019566897265360962,0.06343906380824425,0.02214911654839902,0.02214911654839902
2018-09-07,0.010906734093836145,0.07845173421901035,0.054856783181164215,0.054856783181164215
2018-09-10,0.0024022322623687294,0.1203432688650901,0.07155852848011315,0.07155852848011315
2018-09-11,0.05941857974570166,0.18413347464109775,0.13192055482602336,0.13192055482602336
2018-09-12,0.06762984229802707,0.2523569259540897,0.17504864496178182,0.17504864496178182
2018-09-13,0.0590675520843063,0.18665453496520462,0.1364606391261978,0.1364606391261978
2018-09-14,-0.03136876946737223,-0.018186867633775743,-0.030938031974583054,-0.030938031974583054
2018-09-17,0.005106331370230677,-0.006105166415020968,-0.005209880486314113,-0.005209880486314113
2018-09-18,-0.10909916603660004,-0.20330911082670922,-0.17548475837207192,-0.17548475837207192
2018-09-19,-0.09814046770644702,-0.18489853935615955,-0.15507221849921016,-0.15507221849921016
2018-09-20,0.03620761215490482,-0.10012773610295822,-0.033774865569627145,-0.033774865569627145
2018-09-21,-0.0572931234104441,-0.14482210367266962,-0.10976995394256465,-0.10976995394256465
2018-09-24,-0.1110091018614545,-0.1027733068179135,-0.10939102060959052,-0.10939102060959052
2018-09-25,-0.09231491860380474,-0.038305865615922884,-0.06775743029910226,-0.06775743029910226
2018-09-26,-0.09178295349917524,-0.016472702288462555,-0.051578336370203405,-0.051578336370203405
2018-09-27,-0.10731045148943391,-0.016557041883287577,-0.059238808095345215,-0.059238808095345215
2018-09-28,0.02847251709636436,0.04486822437539208,0.05162829207485444,0.05162829207485444
2018-10-01,-0.044608025185272446,-0.04941777306751896,-0.04620716581635566,-0.04620716581635566
2018-10-02,-0.066332815010134,-0.12610638694405268,-0.09762220599261985,-0.09762220599261985
2018-10-03,0.023610969710625065,0.004328468229397022,0.014311460512075552,0.014311460512075552
2018-10-04,0.03961001282340146,0.01982959618802834,0.032165150843822155,0.032165150843822155
2018-10-05,0.08004584157396821,0.043538146142270216,0.0641893504507154,0.0641893504507154
2018-10-08,0.2046263271942342,0.25528449314184465,0.24519408234098405,0.24519408234098405
2018-10-09,0.16847312509909623,0.2516040378415517,0.22516826314893482,0.22516826314893482
2018-10-10,0.06807462607684583,0.02766227444304435,0.04848157354638169,0.04848157354638169
2018-10-11,-0.032731217611175555,-0.2816446220990879,-0.18432258392480652,-0.18432258392480652
2018-10-12,-0.09533500788597465,-0.26174270303950775,-0.2060653884903626,-0.2060653884903626
2018-10-15,-0.09100186648641581,-0.3766503940205675,-0.2752347266526055,-0.2752347266526055
2018-10-16,-0.13913596421686847,-0.41288582165736204,-0.30678739516586645,-0.30678739516586645
2018-10-17,-0.045446525454772506,-0.26685243260349645,-0.18438847113267948,-0.18438847113267948
2018-10-18,-0.021510045925023435,-0.20264812975835816,-0.13573508775211918,-0.13573508775211918
2018-10-19,0.008152901903841235,-0.34321114504382905,-0.19878862707155479,-0.19878862707155479
2018-10-22,-0.015757484721793384,-0.20069352070520363,-0.11976679457564199,-0.11976679457564199
2018-10-23,0.024196228640413465,0.2564117285444466,0.16479655390578302,0.16479655390578302
2018-10-24,0.20027460995092095,0.39333212034893356,0.3414203335526775,0.3414203335526775
2018-10-25,0.17341573059774112,0.3627467771189011,0.31322507110885117,0.31322507110885117
2018-10-26,0.21937458016224198,0.4626875864101873,0.3930317008664625,0.3930317008664625
2018-10-29,0.14485749833601835,0.4113649730725255,0.3157745522859823,0.3157745522859823
2018-10-30,0.172203538813738,0.3273230801754664,0.2873661605917131,0.2873661605917131
2018-10-31,-0.10255327553066906,-0.16018581414691,-0.14422160955356086,-0.14422160955356086
2018-11-01,-0.10727512753234722,-0.2896047635627573,-0.2201460252467857,-0.2201460252467857
2018-11-02,-0.2220762783762959,-0.4096046998739913,-0.349673039807269,-0.349673039807269
2018-11-05,-0.25747287196904584,-0.4271793801929908,-0.37843524451168814,-0.37843524451168814
2018-11-06,-0.2260324507161355,-0.4050814049552294,-0.3489593874673442,-0.3489593874673442
2018-11-07,-0.14912944393497085,-0.19849225711251137,-0.19067382060794325,-0.19067382060794325
2018-11-08,-0.1027423192482405,-0.1266475845551726,-0.12136500631969503,-0.12136500631969503
2018-11-09,-0.09073683097866754,-0.0895628638744475,-0.10020512505030613,-0.10020512505030613
2018-11-12,-0.016273760569432624,-0.16276430952679352,-0.0948928968801833,-0.0948928968801833
2018-11-13,0.0358288618327172,0.020665871115079597,0.0312812962547669,0.0312812962547669
2018-11-14,-0.07784867273622458,-0.17705128526087693,-0.13596065866111037,-0.13596065866111037
2018-11-15,0.07990865064993227,0.07057766502827546,0.08708798532088839,0.08708798532088839
2018-11-16,0.16611104126080323,0.2666352154722487,0.22643240676239926,0.22643240676239926
2018-11-19,0.13733490218331623,0.3825374757648839,0.27538877644823456,0.27538877644823456
2018-11-20,0.0970295883994114,0.23304732419283503,0.17659901260105487,0.17659901260105487
2018-11-21,0.059966342048239356,0.16005585551002924,0.11148718199554157,0.11148718199554157
2018-11-23,0.10580735968667507,0.16323060703924072,0.14393364033443048,0.14393364033443048
2018-11-26,-0.04913204209191124,-0.018574738733626518,-0.036083236028821554,-0.036083236028821554
2018-11-27,0.016360880002447852,-0.13737540299138523,-0.059158643675909964,-0.059158643675909964
2018-11-28,-0.1292059226868503,-0.15265299764394338,-0.15230605802118902,-0.15230605802118902
2018-11-29,-0.12716897682608297,-0.16248356740908876,-0.15473590752770883,-0.15473590752770883
2018-11-30,-0.12759557050228235,-0.28398243110551075,-0.21580306647181413,-0.21580306647181413
2018-12-03,-0.08334943908049813,-0.07857390423895477,-0.08904390765284256,-0.08904390765284256
2018-12-04,-0.19719732182843347,-0.33037388142943375,-0.2983100811723008,-0.2983100811723008
2018-12-06,-0.20332945683207362,-0.17269779941660093,-0.2143953227950296,-0.2143953227950296
2018-12-07,-0.04848810922490098,-0.028916642839341467,-0.03711745170001414,-0.03711745170001414
2018-12-10,0.05601572117008979,0.10140821430750208,0.0918920378720009,0.0918920378720009
2018-12-11,-0.0921086994835828,-0.2459342622341429,-0.17548072869874612,-0.17548072869874612
2018-12-12,0.0033388108539381648,-0.1264178364169541,-0.05996871146738152,-0.05996871146738152
2018-12-13,-0.007960759104304863,-0.14902206244461944,-0.07383274518584475,-0.07383274518584475
2018-12-14,-0.08655079620859159,-0.17938349256178354,-0.14260870055631913,-0.14260870055631913
2018-12-17,-0.0105630239541193,-0.04627697895270391,-0.03155607785381623,-0.03155607785381623
2018-12-18,-0.005493331928387224,0.13910779822213326,0.07466806999627051,0.07466806999627051
2018-12-19,0.022447993960353543,0.21624486219845165,0.126451488425769,0.126451488425769
2018-12-20,0.15495191524150514,0.3499005665264448,0.2662597581420417,0.2662597581420417
2018-12-21,0.3365877810822758,0.47677195137943074,0.434867433617515,0.434867433617515
2018-12-24,0.06565284991394521,-0.029540686567514036,0.02814413629195399,0.02814413629195399
2018-12-26,0.28384028272587164,0.31625887985972073,0.3289074261036463,0.3289074261036463
2018-12-27,0.350180302641306,0.44209849409093394,0.4310593443733743,0.4310593443733743
2018-12-28,0.3793671279815705,0.394546129661397,0.42324388701886473,0.42324388701886473
2018-12-31,0.27407560482154497,0.3865715386967924,0.3677295624012579,0.3677295624012579
2019-01-02,0.21108544467759474,0.5187746054449253,0.41194645038004685,0.41194645038004685
2019-01-03,0.2665049283311651,0.3561219861750653,0.3401390833820235,0.3401390833820235
2019-01-04,0.22752010727714153,0.21714797863567942,0.2518068342695272,0.2518068342695272
2019-01-07,0.15935095914105754,0.13737641579091572,0.16617820036817832,0.16617820036817832
2019-01-08,0.0678499393757661,-0.10757744322960099,-0.02298054549295004,-0.02298054549295004
2019-01-09,0.14027776967716274,-0.021873485136986816,0.0626810361232926,0.0626810361232926
2019-01-10,0.13919514280805081,0.06688844322761077,0.11483302894485242,0.11483302894485242
2019-01-11,-0.06895014452710514,-0.1586256951283706,-0.1284444290759101,-0.1284444290759101
2019-01-14,-0.004869398750602285,-0.18655463806222924,-0.10212940890108457,-0.10212940890108457
2019-01-15,0.06141412908417492,-0.007893423414996376,0.024464146418535546,0.024464146418535546
2019-01-16,0.15041886336914176,0.14477925061237884,0.1611962676142236,0.1611962676142236
2019-01-17,0.1066201486515503,-0.017824608330740524,0.047408358947849075,0.047408358947849075
2019-01-18,0.23627485909467616,0.21782172853649284,0.25984132172148783,0.25984132172148783
2019-01-22,0.2503797723920145,0.35460607881292866,0.3361820440127035,0.3361820440127035
2019-01-23,0.19122274842896525,0.2991623589284792,0.2688741682329218,0.2688741682329218
2019-01-24,0.14433040529037403,0.16184669625696213,0.1679120023136004,0.1679120023136004
2019-01-25,0.13772978995024235,0.25779253044866796,0.22172398467135973,0.22172398467135973
2019-01-28,0.12902225704365586,0.26522002185258725,0.22450519307520259,0.22450519307520259
2019-01-29,0.12920590988428213,0.23172410986973144,0.20644660667048959,0.20644660667048959
2019-01-30,-0.025814282298535392,-0.00795589434831034,-0.014510437681821982,-0.014510437681821982
2019-01-31,-0.10767394325369317,-0.10526378929430094,-0.11954283547838433,-0.11954283547838433
2019-02-01,-0.10895114756501915,-0.15615579290989487,-0.14628535958428612,-0.14628535958428612
2019-02-04,-0.03205626698612607,-0.09636992349078842,-0.07041744090792365,-0.07041744090792365
2019-02-05,-0.02820514089205584,-0.10907801489406892,-0.0766835503205596,-0.0766835503205596
2019-02-06,0.08827123103879045,0.1354994786597688,0.12213078590723087,0.12213078590723087
2019-02-07,0.24189987039261904,0.2766620029238505,0.2850990145670731,0.2850990145670731
2019-02-08,0.2922201958860437,0.36641671747249466,0.36071707390293734,0.36071707390293734
2019-02-11,0.2458590277549925,0.2987841623247908,0.29590664657925925,0.29590664657925925
2019-02-12,0.08006408058701056,0.1411822799424659,0.11891420693036983,0.11891420693036983
2019-02-13,0.08862897262956188,0.13517479679257663,0.12331020362138691,0.12331020362138691
2019-02-14,0.08553849659690783,0.17415591490836257,0.1377340643758569,0.1377340643758569
2019-02-15,0.05028892984560254,0.0917752376458075,0.07763405257950043,0.07763405257950043
2019-02-19,-0.01825825509728557,-0.016348751547670463,-0.025098562441271493,-0.025098562441271493
2019-02-20,0.04402334503563239,-0.013976582100278663,0.01372801206788498,0.01372801206788498
2019-02-21,0.05894183678050047,0.013106355670870228,0.03951726690162278,0.03951726690162278
2019-02-22,-0.04620621438754708,-0.1392311878568432,-0.1002053384688368,-0.1002053384688368
2019-02-25,-0.06331600296232806,-0.10864950701208881,-0.09996348769940294,-0.09996348769940294
2019-02-26,-0.10164505861577994,-0.16257457649550858,-0.14802437348591213,-0.14802437348591213
2019-02-27,-0.10856624958343644,-0.1435185584457198,-0.13693763481054155,-0.13693763481054155
2019-02-28,-0.08528125863118595,-0.1853304833419908,-0.14670452145697174,-0.14670452145697174
2019-03-01,-0.05957472591941963,-0.15685091436116563,-0.11488562566823358,-0.11488562566823358
2019-03-04,-0.11849854345104986,-0.15367818034195316,-0.1514609615101188,-0.1514609615101188
2019-03-05,-0.022130333758640975,0.024032207025069443,-0.001109936142602922,-0.001109936142602922
2019-03-06,-0.03525858120938436,0.06930014446767102,0.01796293075500966,0.01796293075500966
2019-03-07,0.06535420673361315,0.10850466341111324,0.09239908436512857,0.09239908436512857
2019-03-08,0.05232679635365633,0.12364203595703696,0.09070774163159735,0.09070774163159735
2019-03-11,0.10813351599344016,0.18262375141320036,0.15834570187727381,0.15834570187727381
2019-03-12,-0.044661017275329874,-0.03513410714081961,-0.04322634820404944,-0.04322634820404944
2019-03-13,-0.017071174314469993,0.020997043750629035,0.00020953307236383254,0.00020953307236383254
2019-03-14,-0.15181138550860482,-0.20177802430097572,-0.19358587229031593,-0.19358587229031593
2019-03-15,-0.13053061919284764,-0.24833847974773107,-0.2095722451085013,-0.2095722451085013
2019-03-18,-0.15031157327175404,-0.2412659699334926,-0.21649972170594456,-0.21649972170594456
2019-03-19,-0.1317832718896386,-0.21465854199089707,-0.1879845682526096,-0.1879845682526096
2019-03-20,-0.1345388868875299,-0.1847240005381968,-0.17233616054623,-0.17233616054623
2019-03-21,0.040786907733619406,0.04724402015633748,0.04589104721541793,0.04589104721541793
2019-03-22,0.39043181611031297,0.42557422124227967,0.4434982935145165,0.4434982935145165
2019-03-25,0.35437621257036706,0.36592335470206033,0.38925155033960096,0.38925155033960096
2019-03-26,0.3947857846605237,0.42452169931293104,0.4407983600810101,0.4407983600810101
2019-03-27,0.4773361776021213,0.4830809812542589,0.5113656690360757,0.5113656690360757
2019-03-28,0.36894757488497076,0.4718092437415432,0.44747127141987986,0.44747127141987986
2019-03-29,0.23680020711897837,0.3066591333576914,0.2872513605127864,0.2872513605127864
2019-04-01,0.11888453496809245,0.1646300726815309,0.15370763525485812,0.15370763525485812
2019-04-02,0.07902407319044459,0.13803416519662193,0.11430264460106813,0.11430264460106813
2019-04-03,-0.012603463188150107,0.029117642558956866,0.009266675969459261,0.009266675969459261
2019-04-04,0.001493007822652438,0.09781748184670941,0.057010482287097645,0.057010482287097645
2019-04-05,0.004826735882831105,0.04388311623348176,0.028866960984926894,0.028866960984926894
2019-04-08,0.042958736800072915,0.15131174614473153,0.11015593933352816,0.11015593933352816
2019-04-09,0.030123069110543015,0.16166357058841402,0.11213739556048288,0.11213739556048288
2019-04-10,0.055504582688742775,0.12853940686969695,0.10628716984022661,0.10628716984022661
2019-04-11,-0.060294318784712544,0.002790593784874116,-0.027872193830539814,-0.027872193830539814
2019-04-12,-0.02794489125386829,0.06141074831053954,0.024739281616888067,0.024739281616888067
2019-04-15,-0.11506668865750286,-0.13683620588631026,-0.1350860654605052,-0.1350860654605052
2019-04-16,-0.033142504958788885,-0.07920943667290223,-0.06014278324942824,-0.06014278324942824
2019-04-17,0.05714087300726132,0.04190556382623188,0.053623419260037795,0.053623419260037795
2019-04-18,0.07350739193404754,0.031711192244540054,0.056723768911180354,0.056723768911180354
2019-04-22,0.06288525557836623,-0.004658982894891037,0.03535084773186722,0.03535084773186722
2019-04-23,0.11026621209293443,0.07068672173056306,0.09715312538737897,0.09715312538737897
2019-04-24,0.09222642025356013,0.06235107357236794,0.08379226446879375,0.08379226446879375
2019-04-25,0.0747411575880635,0.08100328346160586,0.08054042159291942,0.08054042159291942
2019-04-26,0.010954800151042322,-0.0727540050087023,-0.03774179241135659,-0.03774179241135659
2019-04-29,-0.007827290917061271,-0.10138173342766245,-0.06060537174657855,-0.06060537174657855
2019-04-30,-0.04090952111634387,-0.12805958359194267,-0.0932171704207321,-0.0932171704207321
2019-05-01,-0.0652727477806299,-0.154278885603857,-0.12164552008840852,-0.12164552008840852
2019-05-02,-0.16554841630977218,-0.3420875400416111,-0.27402414204339626,-0.27402414204339626
2019-05-03,-0.22071325778088396,-0.4395735886324809,-0.3596327893049676,-0.3596327893049676
2019-05-06,-0.2424826293097491,-0.3883300211427385,-0.3411633338111651,-0.3411633338111651
2019-05-07,-0.28624052357013335,-0.40472419713308544,-0.3753636228206202,-0.3753636228206202
2019-05-08,-0.3010702413064138,-0.4122163520909785,-0.38051746375643924,-0.38051746375643924
2019-05-09,-0.35123011313901886,-0.43934377828822496,-0.42304874045091834,-0.42304874045091834
2019-05-10,-0.2170061094415724,-0.2325155960218175,-0.23903279894138765,-0.23903279894138765
2019-05-13,-0.21255501726984635,-0.26164006755032326,-0.2507325459386488,-0.2507325459386488
2019-05-14,-0.3419860292785604,-0.4071801054166199,-0.39410012382299137,-0.39410012382299137
2019-05-15,-0.4684777779694792,-0.5753398866469406,-0.550579167860197,-0.550579167860197
2019-05-16,-0.3431641331068625,-0.4159415183458925,-0.39651547153774064,-0.39651547153774064
2019-05-17,-0.2853737751726871,-0.32433322921249264,-0.3183391751593283,-0.3183391751593283
2019-05-20,-0.35814461891462246,-0.4210201457517445,-0.4071172084367107,-0.4071172084367107
2019-05-21,-0.2329883668885591,-0.3147797399408796,-0.2887086560566452,-0.2887086560566452
2019-05-22,-0.2694851450556845,-0.2990814865296193,-0.2958304401682794,-0.2958304401682794
2019-05-23,-0.2893829945919745,-0.3414376159646747,-0.32830512512310034,-0.32830512512310034
2019-05-24,0.10044359295667252,0.05081448433423898,0.07718107499977005,0.07718107499977005
2019-05-28,-0.13623794229964173,-0.23192840530022563,-0.19321998752674785,-0.19321998752674785
2019-05-29,-0.0975858960704712,-0.19366278630215128,-0.1535602109397686,-0.1535602109397686
2019-05-30,0.11933282895611061,0.13410648787066137,0.1333270536051322,0.1333270536051322
2019-05-31,0.21671789649419093,0.27903748542391876,0.2594996011150149,0.2594996011150149
2019-06-03,-0.024204693697748,-0.008983040013168103,-0.01996868654056561,-0.01996868654056561
2019-06-04,0.023997980204871962,0.04685837895902457,0.03704865623292794,0.03704865623292794
2019-06-05,0.23793742375737686,0.28221549040600097,0.2723582485011007,0.2723582485011007
2019-06-06,-0.01178297642306302,-0.011238913457928431,-0.011120102648961443,-0.011120102648961443
2019-06-07,-0.1308723297600334,-0.17229468313461835,-0.15753592392814017,-0.15753592392814017
2019-06-10,0.049099780472683235,0.04610705909641504,0.04879554025113335,0.04879554025113335
2019-06-11,0.2087443004898272,0.23616808461739824,0.22865897020973078,0.22865897020973078
2019-06-12,0.11113520333994971,0.15080573240742495,0.13612607486826564,0.13612607486826564
2019-06-13,0.293986317714034,0.33331419030571,0.3288739812512333,0.3288739812512333
2019-06-14,0.23052645614271253,0.27035747779355607,0.26159351588870466,0.26159351588870466
2019-06-17,-0.04515571188524791,-0.06965580464506219,-0.06094006070556623,-0.06094006070556623
2019-06-18,0.29183348259038844,0.3551647999151444,0.3407531482008613,0.3407531482008613
2019-06-19,0.2920585884192727,0.37027854142806665,0.35037663285132264,0.35037663285132264
2019-06-20,0.3247056047061944,0.422495332988069,0.3966633629107578,0.3966633629107578
2019-06-21,0.37545626433330825,0.5041901663521069,0.4678321241172459,0.4678321241172459
2019-06-24,0.2942283424059927,0.36134751685245403,0.35029291444396127,0.35029291444396127
2019-06-25,0.14985624338860148,0.15195016060973124,0.16128691119848662,0.15892823329721628
2019-06-26,0.11324938591129792,0.02896193567474298,0.0822662603332599,0.0945125594232576
2019-06-27,3.567690483791315e-05,-0.17770416158227156,-0.0909569594798464,-0.06274184379247276
2019-06-28,0.00802485092451682,-0.13261043157062707,-0.06278372667430897,-0.03980823106501685
2019-07-01,0.05544173254841049,-0.02931508325699197,0.016656077623313444,0.028824233677201383
2019-07-02,-0.062368707561247926,-0.018720549291457726,-0.04408467407233426,-0.053807082163895834
2019-07-03,-0.029204036877353665,0.04348252079214964,0.008692503989333342,-0.0036899449426305575
2019-07-05,0.009340320682150733,0.13364379652435085,0.07807176541614617,0.056852932866488695
2019-07-08,0.029895709193583316,0.15159498956425466,0.10535638315362363,0.08372920438916863
2019-07-09,-0.03627422813165328,0.06539646954114006,0.020352246779550505,0.002918632787394954
2019-07-10,0.010190074121485053,0.027571816437379885,0.02094155611195251,0.017358013052828792
2019-07-11,0.0015834169766714185,0.013735802342127065,0.007748070610302997,0.0042357479748592365
2019-07-12,-0.0013299239328053232,0.0808753779050643,0.03673716311973281,0.024097743713305933
2019-07-15,0.07621392159081397,0.18986912106372833,0.14383420442384942,0.12612454304674522
2019-07-16,0.1865697404061097,0.34049433419646463,0.28681523523978647,0.26004857163730766
2019-07-17,0.20756443915997586,0.35340786351889625,0.3099642695418349,0.2848158680412301
2019-07-18,0.06143953440648742,0.20880095746020008,0.15100760869408048,0.12511563027365102
2019-07-19,0.029253228336711245,0.09352500287012284,0.07540822209229288,0.059907184806730504
2019-07-22,0.06920465332727452,0.0760978928340602,0.08310903003870913,0.0810604909700562
2019-07-23,0.12499478489872769,-0.07283178992788164,0.02877871840049641,0.06032135578000141
2019-07-24,0.14151304511410412,-0.15536406256889093,-0.007452005145908411,0.04176523950030256
2019-07-25,0.11207137871975126,-0.18784490729449974,-0.04274821257226003,0.006773702901497171
2019-07-26,0.15521891086190956,-0.07760487550282733,0.04604843452944451,0.08430019600703072
2019-07-29,-0.06464013778356538,-0.28166490980359415,-0.18484069255747484,-0.1486437151977637
2019-07-30,-0.10131002967002753,-0.2893342158828184,-0.21319578889503984,-0.17740788868992394
2019-07-31,-0.07126368739022237,-0.2161123215947703,-0.15350642417929852,-0.12922880196569878
2019-08-01,-0.18036963892446878,-0.24092524666549234,-0.22761551027792926,-0.21577413123671305
2019-08-02,-0.2847086252483154,-0.24957150503703895,-0.2865128249480441,-0.28793807180142117
2019-08-05,-0.2045062903009373,-0.17569326512629285,-0.20380450540404257,-0.20583104593240226
2019-08-06,-0.314676279935295,-0.341601869914368,-0.3521037714543561,-0.34494979641163825
2019-08-07,-0.4347634411603837,-0.5369569583811954,-0.5171749142734594,-0.49855269130194096
2019-08-08,-0.27596101249036403,-0.3349278933553941,-0.32670842303533615,-0.3147105137658333
2019-08-09,-0.06334202174675614,-0.08847710110564161,-0.08000415130496696,-0.07397920007599702
2019-08-12,-0.2036353517163121,-0.26077789815610447,-0.2484847879752134,-0.23759518398660986
2019-08-13,0.030642285735390913,0.002052377506788121,0.01931921914806078,0.023019610527515024
2019-08-14,0.2135292845337594,0.29895519008733057,0.2799579001555202,0.2629575662721481
2019-08-15,-0.18639887793520019,-0.16652676370912312,-0.19128781883252066,-0.19231676102750184
2019-08-16,-0.25704584178515183,-0.300185455729713,-0.3000198273184571,-0.29274944136440206
2019-08-19,-0.3081574032702985,-0.40462842718759273,-0.37999519160113027,-0.3644488373712785
2019-08-20,-0.2961982723842283,-0.37041869288109425,-0.36158974251188686,-0.34878499553027625
2019-08-21,-0.16957889401696571,-0.2706071468546643,-0.2394283289629059,-0.22231397627033314
2019-08-22,0.058675390296375474,0.00697328027457757,0.03539063807325294,0.04460927031573055
2019-08-23,-0.031517735808583296,-0.09157981572000892,-0.06847647493864255,-0.05928001770423826
2019-08-26,0.22303495940335635,0.1875392578490671,0.22234152994305317,0.22616855533884384
2019-08-27,0.36851882411899595,0.3620220659729951,0.3907095925796425,0.3893688519998526
2019-08-28,0.2814476989318813,0.2664948994881916,0.2955719441076936,0.2974397226279207
2019-08-29,0.35564323916850016,0.42687800284605426,0.4224910317100855,0.40911732061093253
2019-08-30,0.3725189150366383,0.45777287839348096,0.44666007122641777,0.4288389517097306
2019-09-03,0.38132911990693436,0.4045769993940528,0.4227127521702285,0.4173185879304091
2019-09-04,0.30194072387136484,0.29512999260264444,0.32212735914812796,0.32135876194721913
2019-09-05,0.2113764179002213,0.24970891413390423,0.2532157719001798,0.24605006623647976
2019-09-06,0.21839118591042306,0.309605643779886,0.289563587713111,0.27219218044862165
2019-09-09,0.1357344036123902,0.15963294799134603,0.16084431446482375,0.15605099170475925
2019-09-10,0.18369335088475972,0.09542695180600483,0.15855501897915725,0.17296787315484116
2019-09-11,0.1663500955449053,0.11247165054725235,0.15779620771911748,0.16737795394688101
2019-09-12,0.1724024804105713,0.0872615321961754,0.14627408113815268,0.1612473351521783
2019-09-13,0.07230657423913654,-0.0723693753313421,0.004167597861162032,0.02740152603206742
2019-09-16,0.059191709745397204,-0.17164921411883183,-0.06491515251353464,-0.024419473724904
2019-09-17,0.04434656544866195,-0.1215516757777095,-0.038724955981702065,-0.011659568171103633
2019-09-18,-0.0367926527519666,-0.14649188044422568,-0.0981211702779813,-0.08059018331343161
2019-09-19,-0.03132797397199773,-0.11078297392415445,-0.07378837391669747,-0.06015367446617853
2019-09-20,-0.014247584471383317,-0.17429567104460547,-0.09857169729090268,-0.07130776339915308
2019-09-23,-0.08233352242464333,-0.15606927606438628,-0.13040466663828537,-0.1180397289031819
2019-09-24,-0.26298073983481085,-0.36918075608430523,-0.3471084697337566,-0.3267565489398341
2019-09-25,-0.14643166743820835,-0.23241614748073328,-0.207279829588262,-0.1904910785396503
2019-09-26,-0.19063239348246092,-0.2310364323005825,-0.22873294206453362,-0.22148850880049956
2019-09-27,-0.15372311498531616,-0.21650818111435038,-0.19768778761262668,-0.18535003971620245
2019-09-30,-0.12308440677464591,-0.19073721291052334,-0.16901669173677494,-0.15862016648048213
2019-10-01,-0.07562955925058056,-0.10148730695570678,-0.09441531387894918,-0.08983640946478647
2019-10-02,-0.057286695086086234,-0.104513784896248,-0.08366430902922889,-0.07487126168588434
2019-10-03,0.1865622378838211,0.2185927971565279,0.2206219599898245,0.21419845352846625
2019-10-04,0.179981395977752,0.25763549304544414,0.2353160015480728,0.22250763557903996
2019-10-07,0.29915196548309225,0.4210215928075836,0.38646515989908925,0.36488569089522593
2019-10-08,0.32235013928709916,0.4334704128844547,0.404838156453275,0.3871831766294095
2019-10-09,0.3242143060635337,0.4343701528901806,0.4076729168590875,0.38902171134761493
2019-10-10,0.0812886159948743,0.09581654236721267,0.09668049734374476,0.09385322309816015
2019-10-11,0.09773187043629217,0.11729832451074454,0.11829095845276406,0.11419903188779763
2019-10-14,0.07523010124882419,0.06252362201182543,0.06938050671479445,0.07455437679959909
2019-10-15,0.17978596061696703,0.07955253254955794,0.13658512139051365,0.15131412737867242
2019-10-16,0.0691997696085985,0.005873764392162175,0.034560002337028994,0.044247501001504506
2019-10-17,0.08000889267126794,0.02245211697149271,0.04992641638255145,0.058557822927653005
2019-10-18,0.14752761441566084,0.11521699440692147,0.1376175797762922,0.14087604258338948
2019-10-21,0.19810871510611347,0.17792403594938128,0.20694234011187276,0.20849762681798867
2019-10-22,0.09119857950417921,0.13851423829827317,0.12693859240828642,0.11705531744649955
2019-10-23,0.05267205704527372,0.10446955235469271,0.08389351788526632,0.07526065050542553
2019-10-24,0.08468615485373711,0.07997187002646171,0.09025795600355652,0.08926731383704331
2019-10-25,0.03878811711999248,0.04552111958734099,0.04073145831669386,0.040553551267599144
2019-10-28,-0.01339282737560898,0.022075329014736536,0.00028777783255071106,-0.0036550548591622713
2019-10-29,0.014641218235276287,0.06687488787647705,0.04360203447983856,0.03355201499531396
2019-10-30,0.06554222598116274,0.07577914933768404,0.07643905645978494,0.07325975031447506
2019-10-31,0.08753865720315555,0.06440226982992152,0.08020649285628341,0.08356320750273727
2019-11-01,-0.01984210017731352,-0.0026686327379659776,-0.013662936465570133,-0.015010556414265361
2019-11-04,-0.08764029270066392,-0.10678697424638132,-0.10909226768683478,-0.10380918436763871
2019-11-05,-0.034727427840098204,-0.05289966721465172,-0.04932260014024212,-0.04442500528535368
2019-11-06,0.057643836657873405,-0.003959607589091768,0.03614436759061129,0.048393704476360135
2019-11-07,0.1574010423304848,0.11868778616139829,0.15808792487734913,0.16372543175098533
2019-11-08,0.08143672799467674,0.018657672229872208,0.06319117209087692,0.07225242655816447
2019-11-11,0.10248825188880363,-0.04713746840695474,0.03643662820868336,0.06307687748458803
2019-11-12,0.09022723546118235,-0.02370960640455526,0.042289631801618516,0.06067072525370546
2019-11-13,-0.018195409907185836,-0.0489151218690779,-0.03933971154182154,-0.034118097467373654
2019-11-14,0.0035835687469846877,-0.09507386790301096,-0.048215884269232165,-0.03345929975651666
2019-11-15,0.10157690058522613,0.11690767160389424,0.11729343322333528,0.11411076190017554
2019-11-18,0.11562647298902856,0.09832197320259642,0.11550331549133488,0.11455682471889941
2019-11-19,0.11843929567524661,0.19662055071370096,0.17199087958295367,0.15547086058475162
2019-11-20,0.038053962700318744,0.06864642630911325,0.05764738082508064,0.05243650038075693
2019-11-21,-0.011891397763983905,0.03509229452752537,0.011437337966308322,0.004968097384869317
2019-11-22,-0.10076633076755848,-0.24732319145749732,-0.1958904373472436,-0.16841987725814792
2019-11-25,-0.05190335534740575,-0.05127549738591443,-0.0568039256524004,-0.057645013291962886
2019-11-26,-0.020937374629867687,-0.09088591209939158,-0.06591692574221111,-0.0514731509475
2019-11-27,-0.007857469371918047,0.06521871429576902,0.02805464022680613,0.01784260318142393
2019-11-29,-0.0006453564618088282,0.006836427678787363,0.002517659669307867,0.0016244751360896055
2019-12-02,0.016950114965767954,0.10286459394482703,0.06346000668774025,0.04870005508936278
2019-12-03,0.07443591067657214,0.20010452161700576,0.15030413267077838,0.1282916986599076
2019-12-04,0.22010334435739412,0.3660982919122359,0.3175704334611485,0.29340097171073903
2019-12-05,0.039140562846402036,0.21034092430531043,0.12699104099726616,0.1023389959130149
2019-12-06,-0.004651130054250386,0.19561613562673014,0.09727043950235552,0.06569795470818249
2019-12-09,0.04798437594705287,0.1695461133951823,0.11306494230021503,0.09416280309071964
2019-12-10,0.08127425844553929,0.13985680999250127,0.11572827445592844,0.10584651076888557
2019-12-11,0.11851379768234163,0.06457447039330418,0.09675916091693026,0.10421256344405361
2019-12-12,0.17948659058580096,0.1729736320373106,0.18895662471438138,0.1900786428519729
2019-12-13,0.11565331573889634,0.1402989379286708,0.13845281524752862,0.13423481992627173
2019-12-16,0.04747836037270244,0.11956402669902527,0.09090477554312469,0.07958237923602009
2019-12-17,-0.013197334909295986,0.030952919787901198,0.0071879642803241795,-0.00023835014074909214
2019-12-18,0.021952522821301817,0.01940955422068661,0.023768823441530373,0.024692206045859116
2019-12-19,-0.016334214562093104,0.011011154672820553,0.003862589105029358,-0.0010614627579139755
2019-12-20,0.022405869185879824,-0.10519516721374718,-0.04714039058273815,-0.02582190587411165
2019-12-23,-0.07154943442441362,-0.0962563047156177,-0.0913725913557652,-0.08704616763783057
2019-12-24,-0.03858285807192829,-0.14356965311694134,-0.09768647422309286,-0.08099956764640355
2019-12-26,-0.038293587416011736,-0.10545860968419137,-0.07843278789527555,-0.06756972297088837
2019-12-27,-0.09084781708664742,-0.05885724234609773,-0.08177574495226685,-0.0866977446171448
2019-12-30,-0.16602666924493462,-0.11525520239916556,-0.15450058842881018,-0.16275366376014272
2019-12-31,-0.09046054842370471,-0.12843928818827968,-0.12119654835959305,-0.11532960743669354
2020-01-02,-0.14907528997839142,-0.0980202227176678,-0.1369952614847052,-0.14337353286866347
2020-01-03,-0.11234433465550994,-0.1177827510495291,-0.12618547590135018,-0.12422169737682554
2020-01-06,-0.05645382251568168,-0.11113731222121263,-0.09576684691692637,-0.08738961621077264
2020-01-07,-0.04780059273353061,-0.18216036031935953,-0.1301200363817375,-0.10732826116062333
2020-01-08,0.04907543725062117,-0.04838655904219655,-0.004033067544746603,0.01245961568686804
2020-01-09,0.0366520774576586,-0.058787388399058664,-0.014196892609334225,0.0011161814022333154
2020-01-10,-0.11145343540279622,-0.2849082210398031,-0.2197013652460268,-0.18932118869512277
2020-01-13,-0.24277764379229647,-0.3403546342101937,-0.31499129694377365,-0.29750431685497214
2020-01-14,-0.16519959206307355,-0.3099073088371941,-0.2598370726985856,-0.23548798103274787
2020-01-15,-0.24198690102284467,-0.4152103834744714,-0.3567838359643279,-0.3270884946549924
2020-01-16,-0.2488172034139462,-0.3807285232380408,-0.3427665744415539,-0.31963182523685063
2020-01-17,-0.21646579134288554,-0.3144943235730082,-0.2894315481929629,-0.2716114088429805
2020-01-21,-0.23566359793364194,-0.32000696422684116,-0.3025316893135791,-0.28581536225886495
2020-01-22,-0.2673633209748816,-0.3545591171984948,-0.34108850578345246,-0.32302381657157414
2020-01-23,-0.23812903371741767,-0.3486249620962958,-0.32008575335447353,-0.29871093007884497
2020-01-24,-0.2136188234600746,-0.23172723938788892,-0.24074497285342536,-0.238486137960487
2020-01-27,-0.09952250553937325,-0.11140243970201999,-0.1125398691117349,-0.109243211863317
2020-01-28,0.1253672293937883,0.16003189996914785,0.14965160666176797,0.14408953582581388
2020-01-29,0.11250375797836411,0.1566070456172734,0.14288855455391555,0.1349521103565356
2020-01-30,0.07987619469419317,0.13107299367027986,0.11305862297618804,0.105281434673065
2020-01-31,0.1260487567458342,0.12492732808123379,0.1311062115043505,0.13079908152643574
2020-02-03,0.14298282412344132,0.10591202810647725,0.1324145012799644,0.1377935291376565
2020-02-04,-0.03025569743897078,-0.025291044882748564,-0.027527184899749844,-0.028738760526381243
2020-02-05,-0.07410949509800123,-0.10621673668819262,-0.09347485105290013,-0.08858665884866936
2020-02-06,-0.044316282179082685,-0.09662875326051236,-0.07593360101069037,-0.06766095645929393
2020-02-07,-0.08198063874496156,-0.08838730435593747,-0.09678095618368489,-0.09210237207196673
2020-02-10,-0.18315601112455598,-0.17200266207070078,-0.19256591945657048,-0.19131960893639627
2020-02-11,-0.1780261873073337,-0.17502012733051897,-0.19074079689492576,-0.18914676550153728
2020-02-12,-0.1419842123931619,-0.16712355734400475,-0.16676602357003706,-0.1615612780520486
2020-02-13,-0.119541178796155,-0.19584654781264538,-0.16962243908673263,-0.1570663882387121
2020-02-14,-0.1992902809327356,-0.2411859930135469,-0.23613601169032153,-0.22696785712962722
2020-02-18,-0.2740968344845653,-0.30602950694226516,-0.3124939357240965,-0.30299297703233974
2020-02-19,-0.21756108294947196,-0.2795940215605266,-0.2680654149219872,-0.2568245983265746
2020-02-20,-0.10157099507177075,-0.14259571975231483,-0.13427864639603068,-0.12565169234416618
2020-02-21,-0.10237989700988052,-0.14987280760476637,-0.13540324185144978,-0.12737782571122697
2020-02-24,-0.14995220137096615,-0.14896142527453396,-0.1595431646224603,-0.15897911631581815
2020-02-25,-0.2102539787924287,-0.21471685641142438,-0.227289842025347,-0.22436485098525433
2020-02-26,-0.33880417131811325,-0.34363781363496126,-0.3695461938837255,-0.36751251682183594
2020-02-27,-0.4157064672655107,-0.5569436146348252,-0.5317820369123426,-0.5040665051911537
2020-02-28,-0.3787201818898044,-0.5561161628803534,-0.5162083863083115,-0.48502791776497006
2020-03-02,-0.40834858453950323,-0.48621532902532044,-0.47959160102719706,-0.46606373537631435
2020-03-03,-0.36584789349392083,-0.45981646404612053,-0.43745868785159653,-0.42262781023222734
2020-03-04,-0.3441527186701381,-0.4383581782302291,-0.4140661859887035,-0.39854365104354916
2020-03-05,-0.28913953081026983,-0.300272906670364,-0.3166658137771342,-0.3130447483326339
2020-03-06,-0.16712688668280792,-0.13895961013030408,-0.16569625443040603,-0.16843596483382964
2020-03-09,-0.31162257055162224,-0.3133786713673434,-0.32989560277210295,-0.3296352724330394
2020-03-10,-0.29808703678949966,-0.29167441498642344,-0.3127163491309756,-0.3128262959891663
2020-03-11,-0.1815790108176451,-0.11612329952269912,-0.15550746029962842,-0.16473582678591484
2020-03-12,-0.185593569591663,-0.11960593906724871,-0.16104612431401885,-0.17203047960555803
2020-03-13,-0.06794688433817686,0.04634904641424343,-0.01151248312424169,-0.030930163516447694
2020-03-16,0.23262047303839917,0.42847458559939716,0.35062742847137157,0.3176329884206499
2020-03-17,0.5009263777405623,0.6453126678545366,0.6050719560462567,0.5832634176466946
2020-03-18,0.4422061146465061,0.5969251865004093,0.548329238222746,0.5221842624328839
2020-03-19,0.25564537635848383,0.3548204011913259,0.32882950326611726,0.31211588646323807
2020-03-20,0.21467943064910222,0.1747730936903725,0.22043039599114223,0.22606498762923186
2020-03-23,0.08288059904790882,-0.03865633099246568,0.029165505529406575,0.04886436426900874
2020-03-24,-0.2324623579850131,-0.36789475321055864,-0.3215829520657791,-0.29887049281052824
2020-03-25,-0.11640019018709204,-0.3174360273042859,-0.240827622629783,-0.20580416003830274
2020-03-26,-0.15305559140033828,-0.24373876689925777,-0.21808609866309356,-0.20020186815199179
2020-03-27,-0.06405071537163319,-0.07428017078376598,-0.0798280784741438,-0.07516299437663847
2020-03-30,-0.024481607994592782,-0.024639873692977425,-0.03373554784444504,-0.03319463838062866
2020-03-31,0.31436282251035297,0.283017301826619,0.3230744535623711,0.3254752102455624
2020-04-01,0.4999267446868198,0.4736444750740848,0.5240439273104579,0.524806010099941
2020-04-02,0.5077549346550799,0.5779198972182171,0.581788394141112,0.5681871983261372
2020-04-03,0.3299415495527505,0.36261746480139473,0.362037846023097,0.3563263666582252
2020-04-06,-0.06325548429320278,-0.06276802568708269,-0.07317736415082998,-0.07093589493301596
2020-04-07,-0.41011568087425465,-0.4031170624606839,-0.4383115774101889,-0.43595046883995986
2020-04-08,-0.3390807561140071,-0.330999208385831,-0.36001564937107333,-0.3592270876830951
2020-04-09,-0.21728643992060284,-0.1939966950304454,-0.22362268081252618,-0.22751911151044635
2020-04-13,-0.21892539577821332,-0.16454321196730365,-0.21273770654608956,-0.21780585669039418
2020-04-14,-0.10629486528872881,0.006213165210404076,-0.05943546283284488,-0.07509379216884232
2020-04-15,0.2408843872780294,0.29760809166102814,0.28900799513931696,0.2764953837316363
2020-04-16,-0.034952306118155974,0.08996871438356933,0.027754608022731934,0.007739211088138881
2020-04-17,0.310970793493168,0.3880900354619104,0.36976802630432204,0.35554954461931043
2020-04-20,0.48435199990442346,0.5851009275397316,0.5605235003420114,0.5434178549372916
2020-04-21,0.5673428949534459,0.6610876292579969,0.6514978880545018,0.632793472855004
2020-04-22,0.4726485724566799,0.5575574586702398,0.543134850984598,0.5285849550447305
2020-04-23,0.3445238555282905,0.4222093640455587,0.40682611763831844,0.39279267836603937
2020-04-24,0.1480634682426101,0.17909971333061012,0.1660407743622984,0.15996956898189638
2020-04-27,-0.14704065541256256,-0.20218672633696944,-0.19541203712667604,-0.18629893326789254
2020-04-28,-0.26888582917095066,-0.41621881271464595,-0.37075921060575473,-0.33953316978359843
2020-04-29,-0.08233863787093784,-0.16474068429020905,-0.1279407222291905,-0.11463811942371324
2020-04-30,-0.003144310721667253,0.09790743628603589,0.05280128030106974,0.035137790259617566
2020-05-01,-0.08228663765968819,-0.03489003606013018,-0.06333995330446564,-0.07030250089713229
2020-05-04,-0.12747289634632028,-0.0687774983999149,-0.10656085166078769,-0.11573190074428458
2020-05-05,-0.2372415433298091,-0.1830347335417299,-0.22848047276505237,-0.23314430245567652
2020-05-06,-0.2990381003081293,-0.3218535950233629,-0.3301580976201302,-0.3250416910697611
2020-05-07,-0.478947752210441,-0.5418280407039695,-0.5437060160502367,-0.530644876761433
2020-05-08,0.06840973016726323,0.16124116947730205,0.11526959820624091,0.10206334533691166
2020-05-11,0.13342905210377268,0.21371862911974543,0.18363959577197464,0.16927742535397228
2020-05-12,0.36386544541672616,0.34855365113414605,0.3743828581453656,0.3746672489434473
2020-05-13,0.43940404993711846,0.4508452552413404,0.46894647218549196,0.4656484663357516
2020-05-14,0.4740785912980077,0.5082518916808381,0.5205911180933316,0.5128698587874269
2020-05-15,0.4805171172080088,0.5420822771726334,0.5361888915410711,0.5258034073645468
2020-05-18,0.450191823021182,0.5349607289854402,0.529704235108029,0.511803466428529
2020-05-19,0.2881413596623823,0.3569163792524434,0.3482707720500073,0.33458214454001833
2020-05-20,0.13174789219546473,0.20517860451672204,0.18831295804460163,0.17684190113891562
2020-05-21,0.2559353735606264,0.30785647661392984,0.31341210992961316,0.30225417949544203
2020-05-22,0.07222747311653237,0.19786042031079676,0.1467682629779467,0.12618570290973743
2020-05-26,0.08895022037905181,0.21642585026653274,0.16909182342087498,0.1460779294363127
2020-05-27,0.1982196921176062,0.13853592932602507,0.1831993797122069,0.19118148610728894
2020-05-28,0.3040951240177864,0.06234527392751177,0.1978488327760201,0.2354392256450584
2020-05-29,0.449160898166182,0.16161938803964815,0.3342943361544332,0.3788842081989693
2020-06-01,0.41262060550868745,0.1747167476967007,0.32224443486626725,0.35853494144172043
2020-06-02,0.17829617636252265,0.12649994750884455,0.15878634682706014,0.16831264835089052
2020-06-03,-0.16845176428636033,-0.10457152609046877,-0.15132338707113596,-0.15847760233684294
2020-06-04,-0.05344406648661057,-0.048194171012181555,-0.05029810780293944,-0.05322673591265221
2020-06-05,0.012164951530493967,0.12898230406503938,0.08115123615493393,0.06069869554843129
2020-06-08,0.09599929792137545,0.36053496287201486,0.2558626300302861,0.20395143268051952
2020-06-09,0.027161245728661552,0.22755047291694272,0.14819909504941384,0.11226008850711604
2020-06-10,-0.007987859494977378,-0.02533672350137559,-0.010909615881409077,-0.00480284259788483
2020-06-11,-0.14559208076585847,-0.022225254405696244,-0.09252898735035123,-0.11463456812689478
2020-06-12,-0.2832201968987354,-0.205503299611981,-0.27759961126466925,-0.2884071776851048
2020-06-15,-0.3707174704092859,-0.42072465450572477,-0.42806710604910153,-0.4162722751599938
2020-06-16,-0.3788821010529064,-0.36230803225729735,-0.39956943842950515,-0.39889487630407916
2020-06-17,-0.3475413946613887,-0.3877689047935364,-0.3919722959092548,-0.3843209271351939
2020-06-18,-0.3301695284891605,-0.15956939743500284,-0.2697508890849575,-0.2947756339642987
2020-06-19,-0.07907302162875116,0.0058423686852174615,-0.03808170985248925,-0.05091435487365404
2020-06-22,-0.18748216303792387,-0.12107745564588836,-0.16434450586111127,-0.17757126755673658
2020-06-23,-0.10435025411520926,0.013503123988104618,-0.04897635541949426,-0.06745164267127052
2020-06-24,-0.076476293301154,-0.05254389355520483,-0.06898367625194025,-0.0713268671340039
2020-06-25,0.009841977798857206,-0.014454733599225791,-0.0026240140248535155,0.0012823156426252738
2020-06-26,-0.41509845610676155,-0.484247348458417,-0.47505915099946017,-0.46109290842809053
2020-06-29,-0.4180208118510666,-0.40950538096399214,-0.4364568094170828,-0.4348157086149
2020-06-30,-0.4107032979443764,-0.4877270010472096,-0.4769128852493583,-0.4624102965769809
2020-07-01,-0.22732993974757149,-0.2312934567822831,-0.24385188459215754,-0.2420853349097667
2020-07-02,-0.12756444084424334,-0.14542184881240888,-0.1418065743648151,-0.1388605198832624
2020-07-06,0.07235073561070454,0.05135550532503615,0.0690326434400881,0.07271575928970596
2020-07-07,0.30903612463759145,0.2978005461588941,0.3230584624304078,0.32235934997212756
2020-07-08,0.4376186387419335,0.4728780669267592,0.4804609071803878,0.4740114681871585
2020-07-09,0.20471151574073515,0.20412956546941885,0.2194253895247552,0.21965576152159272
2020-07-10,-0.15396653406177727,-0.20355774249096856,-0.18388722124328602,-0.17746662035632307
2020-07-13,0.10726478616207831,0.13556035907765057,0.12781873948714284,0.12373794513269665
2020-07-14,-0.2480685515751853,-0.22937236155833785,-0.2483988657604843,-0.2532401690484348
2020-07-15,-0.08364208700985548,0.015433000405868869,-0.034732066245626164,-0.05220330868065438
2020-07-16,-0.027439616879925476,0.05249622970518265,0.010563857697885684,4.082210172355536e-05
2020-07-17,-0.055216755051858205,-1.0819685524010834e-05,-0.028737431563447383,-0.03820838656823333
2020-07-20,-0.12056775363326992,-0.08226960222703687,-0.10797003420029998,-0.11353138725680399
2020-07-21,0.07265998526183862,0.04866553295182182,0.06314680597869582,0.06836175068779485
2020-07-22,-0.05051959266389445,-0.09078808339729753,-0.07361556549282693,-0.06937367873741068
2020-07-23,-0.1220075497015453,-0.1448966497916165,-0.14309159237264485,-0.13785507319098914
2020-07-24,3.319088433014049e-05,-0.06307463570459541,-0.03875756005410451,-0.02653567007173138
2020-07-27,0.011707916408742898,-0.030481666775124865,-0.010366537029663673,-0.003706761440837099
2020-07-28,0.07381117968348862,0.10178611050348386,0.0938627926749235,0.08797841498928877
2020-07-29,0.13323343645601332,0.11056761793652922,0.13078476898536487,0.13354057996126342
2020-07-30,0.22293021862562762,0.24846403591508273,0.252049798882044,0.24529684747301547
2020-07-31,0.3286833308375197,0.3637644940022108,0.3643382580772958,0.3584427763775218
2020-08-03,0.4042320438148313,0.4626355760136464,0.4626777231530874,0.45205622368418646
2020-08-04,0.24163496480636854,0.32978531287837864,0.3066285548165582,0.29153537344509495
2020-08-05,0.18060784719734657,0.22606854192196812,0.21699066823488014,0.20983901406010258
2020-08-06,0.1826297307812063,0.20428982225661524,0.20305040462345736,0.1998372343002839
2020-08-07,-0.04312566714980185,-0.08361897041025163,-0.07014851174397004,-0.06435240394327872
2020-08-10,-0.10488094710125334,-0.18408450435518464,-0.15557141284624684,-0.14321860546801804
2020-08-11,-0.00840325395128234,-0.04310107859717292,-0.028561409329950653,-0.022673199247639858
2020-08-12,-0.05576562374691673,-0.03803182085110153,-0.05288871687713951,-0.054266993766136425
2020-08-13,-0.19622130435963298,-0.13597642040383562,-0.1818346893654656,-0.1885189026957481
2020-08-14,-0.07234687276190417,-0.1614104730217545,-0.13002250186243175,-0.11256241540750403
2020-08-17,-0.07225032005685694,-0.17614755959908623,-0.13512587855609168,-0.11844863485104247
2020-08-18,-0.17191880357048628,-0.23506322695421306,-0.2188867956559902,-0.20983851330609848
2020-08-19,0.0667706142686946,0.07114957064927781,0.07183320356233733,0.07139554861423092
2020-08-20,0.1601153036550606,0.23235378593592498,0.20717284637305172,0.19475856813226358
2020-08-21,-0.2132352324335315,-0.17751627591660898,-0.20448455507498067,-0.21059837824940106
2020-08-24,-0.17717631026379288,-0.15011288799613418,-0.1713593775335854,-0.1745298337139824
2020-08-25,-0.03223713238865051,0.0534895444990917,0.01578945951656735,0.0031374473749065366
2020-08-26,-0.005425493174546888,0.07179760184551423,0.03544524915643594,0.022535522673120843
2020-08-27,0.046900460022070996,0.09122264795331542,0.07511588453537096,0.06682755068199299
2020-08-28,0.027999393991339182,0.09515160495917921,0.06589301571911894,0.05598413530983371
2020-08-31,0.012387543429937996,0.005198623547868875,0.0057545156069926185,0.0077063861493393586
2020-09-01,0.08812235423207343,0.08298756075945828,0.09220800298174707,0.09274116725586909
2020-09-02,-0.07902972132204059,-0.0005233696190914032,-0.03984504180385368,-0.05060136935926216
2020-09-03,-0.11739570893035858,-0.10235657448765262,-0.11567651150238943,-0.11617399203786158
2020-09-04,-0.04576345842727347,-0.09217509386860982,-0.07142828394852714,-0.06324482360384899
2020-09-08,0.051243811689154574,0.20559947459190317,0.14054070215136474,0.11537072187946819
2020-09-09,0.13689417068920026,0.236895126672641,0.2001123367403563,0.18365244871168648
2020-09-10,0.13495377714199133,0.18309986072922066,0.17035078648355007,0.16148840189851502
2020-09-11,-0.04301201839378413,-0.13806707629890452,-0.09768081342920167,-0.0837004055291205
2020-09-14,0.0048905761997451525,-0.12521642637295663,-0.06795310494037551,-0.04947319370712471
2020-09-15,-0.18044198855713647,-0.4140809056337892,-0.3169508412342466,-0.2814109705858755
2020-09-16,-0.20783486693519365,-0.4043290762837465,-0.33079394161024184,-0.2971661049054728
2020-09-17,-0.07388933117522317,-0.34450479802090717,-0.2317072262401104,-0.1868105994970833
2020-09-18,0.1038515012888235,0.06662098355120363,0.09052013262786322,0.09620043493043909
2020-09-21,-0.013880018017215546,-0.03158287029523367,-0.026167649143348567,-0.022785264006853514
2020-09-22,0.009074184057997274,0.0781876974951906,0.0453078011300324,0.03467479136170966
2020-09-23,0.01376144559169526,0.055290107384069295,0.035632897111091924,0.03162290835752735
2020-09-24,0.2396594702517614,0.3141372254929556,0.3019932804389097,0.28995245872120207
2020-09-25,0.1355130903032602,0.1818353735714651,0.17357487678724182,0.1642690652986055
2020-09-28,0.23467033053250044,0.29073116244450664,0.28596884388356664,0.2739011681862575
2020-09-29,0.24272943964319782,0.3118699005555078,0.30437252051447466,0.28859370136398
2020-09-30,0.4299818805793077,0.45448717868798433,0.47277219152807326,0.4658768125066753
2020-10-01,0.09348367676363376,0.155427685171359,0.13385678393153566,0.12423954106712656
2020-10-02,0.010776156570505355,-0.0038407001384301908,0.006853419833341824,0.009143104235731114
2020-10-05,-0.11235896921371556,-0.15702143610829555,-0.13997416894902698,-0.1323114808123953
2020-10-06,-0.10934694171018029,-0.11032306473055567,-0.1121771582692441,-0.11259577594672578
2020-10-07,-0.13407805644736417,-0.14847697699382487,-0.1473231433146854,-0.14382911372678095
2020-10-08,-0.15271806776922295,-0.15301865919284935,-0.15956872951337248,-0.1604759571568741
2020-10-09,-0.14854316358871256,-0.15304806158252596,-0.15739494137353852,-0.157767197073309
2020-10-12,0.1303216246056213,0.165367870647771,0.16183941600732865,0.155303214481186
2020-10-13,0.06998837565148594,0.1031861908078152,0.09578728804672211,0.08971075214333621
2020-10-14,0.15218415352604603,0.23459171764726544,0.2065998133000659,0.1924872834651447
2020-10-15,0.2610065933173595,0.37040766112190304,0.33560508989088333,0.31659898833936273
2020-10-16,0.11045426614096236,0.13820557263090438,0.13213889417037103,0.12639547394354708
2020-10-19,-0.1069349016661294,-0.22325130586090405,-0.18059327181609186,-0.15914703148071266
2020-10-20,-0.1272027644740953,-0.2210453993675681,-0.18625306579816062,-0.17154185300301256
2020-10-21,-0.1294923001172271,-0.21546351672528444,-0.1861602930799824,-0.1700235260675561
2020-10-22,-0.11240223658837928,-0.1747432849305584,-0.15367222064795866,-0.14416407239928072
2020-10-23,0.09843164985048622,0.16861512043343485,0.1500058960767583,0.13528112216973429
2020-10-26,0.2101114195000304,0.3214948715167519,0.290247466629604,0.27062624388731593
2020-10-27,0.1497985359863791,0.15386717267867614,0.16451491127584963,0.162261710774407
2020-10-28,0.08718838730084752,0.19278502759668814,0.1529673887243336,0.1351912526747863
2020-10-29,-0.09168307092269372,-0.023245757848152346,-0.05764781790316084,-0.06896875949343942
2020-10-30,0.2603843623514983,0.4657108916009736,0.39309578723332494,0.36024046791149944
2020-11-02,0.2648346956225473,0.4537779888931694,0.38508399972281,0.3520143442103474
2020-11-03,0.2501997920046808,0.49691463210739495,0.40295600711363705,0.3619925168838423
2020-11-04,0.22286053356397703,0.31333482527084483,0.2858691644013424,0.27187901425735383
2020-11-05,0.34422829052039416,0.43870204345569297,0.41759610096734745,0.3995581122128176
2020-11-06,0.1746967532562195,0.2348824964145708,0.22253355691370527,0.21235839580561924
2020-11-09,0.0855930213970433,0.19210046100453523,0.14581021980663203,0.1294282804027982
2020-11-10,0.11435019988022493,0.3643848542160949,0.2619239114753296,0.21798671967824018
2020-11-11,0.17906169010471046,0.3756009827670828,0.29841936702253696,0.2678542115234926
2020-11-12,0.20488619524955073,0.2927006853354179,0.2703965904387386,0.2560932556528432
2020-11-13,0.1920981633128617,0.25732431189057575,0.24587300206604368,0.23448530441551166
2020-11-16,0.14557334210260847,0.3600286252523099,0.27846391591344094,0.24223621069482315
2020-11-17,0.11163693334484318,0.3327083593775224,0.2449316388688326,0.2079253935641129
2020-11-18,0.03437408555602113,0.22178004352800418,0.13869468192449802,0.10457868972977645
2020-11-19,-0.051811083513998116,0.028958756447227178,-0.01939388033091224,-0.03216257796828033
2020-11-20,-0.06323567272632984,-0.09218210198618856,-0.09091242029019332,-0.08458309073764465
2020-11-23,-0.12377043380954815,-0.24502133387525157,-0.20752578447748704,-0.18753986984819224
2020-11-24,0.028948871969556172,-0.004499604574222229,0.011469446614077441,0.014682909253212549
2020-11-25,0.07263648464337372,0.18701976962656264,0.14350956630299574,0.121803087521044
2020-11-27,0.09738627991728759,0.24537322749304213,0.18939034023767196,0.16225838612257076
2020-11-30,-0.08414247047397483,0.1865010200447415,0.055268998134034734,0.03085869107626045
2020-12-01,-0.0381498603438438,0.1637803493959731,0.06213425434925021,0.046895876475885674
2020-12-02,-0.037525241380112845,0.1171319516911465,0.04123321463358442,0.027089678743048882
2020-12-03,0.06211976892007412,-0.028690602497561574,0.01477189587079766,0.02595815426966334
2020-12-04,0.006946756838160229,-0.07884184078926454,-0.04631067671185219,-0.035386143286067706
2020-12-07,0.06495268565771917,0.104791989645995,0.0959038170676167,0.09554909366741864
2020-12-08,-0.024130563310731636,-0.03920550422831082,-0.04927305891052096,-0.04577684175570774
2020-12-09,-0.009944079465814316,-0.16499604287797706,-0.10469738273664794,-0.09333656159847259
2020-12-10,-0.07601727807687492,-0.17615233360768626,-0.14040465328496124,-0.13134725075789142
2020-12-11,0.01587415615949689,-0.06480725851640062,-0.028458611764287538,-0.02256545985587235
2020-12-14,-0.02840507217671339,-0.19843670144312375,-0.13095510023895707,-0.11734355212466159
2020-12-15,0.05304742268295159,0.04273024717240946,0.06159563139122415,0.0608888537338558
2020-12-16,0.045567798840323505,-0.018126689476957433,0.016286504968551607,0.021040953845080222
2020-12-17,0.12480234594336564,0.1423166678207792,0.14415867683794872,0.1446119961487622
2020-12-18,0.11522122917498208,0.07642692849931813,0.10069890716795914,0.10615223769164116
2020-12-21,0.21159776148513593,0.3601561923531693,0.31685910211479296,0.3063918731044391
2020-12-22,0.0553545016634229,-0.005293078847724861,0.027229909294563242,0.03272253971932208
2020-12-23,-0.026498644993263782,-0.023012087855164443,-0.03397984757732904,-0.032501381150655206
2020-12-24,0.07361983715340707,0.1657383822482025,0.13026626604920566,0.12337148275784215
2020-12-28,0.1475286685125624,0.37254637146018016,0.29043808788103886,0.2725486292274126
2020-12-29,0.04894541745089869,0.28219863425607594,0.18317393713217398,0.16405644828584154
2020-12-30,-0.04331890868047127,0.27258840371208765,0.12811305224339356,0.10144769321478588
2020-12-31,0.011437848799380961,0.3900250817414364,0.22799080409077777,0.1960807213361056
2021-01-04,0.05958576128832303,0.379347382118894,0.2467910561291005,0.21911312850595333
2021-01-05,-0.06862647704158602,0.1460393631454392,0.03842592425128679,0.02201148587766596
2021-01-06,0.05902973479445082,0.32238155445221434,0.21294386738743662,0.19088724094686652
2021-01-07,0.13929099951355378,0.29208098405811084,0.24845314293966972,0.23247664750301206
2021-01-08,0.10764254208170244,0.2535033363642148,0.20317281976184323,0.18919914943750807
2021-01-11,0.17813121984421465,0.08255100200097194,0.14172591377884444,0.15090670266710826
2021-01-12,0.156622441795787,0.05838473174646505,0.12035249395061502,0.13097051150742908
2021-01-13,0.05900715712212674,-0.14044430806618133,-0.04083202414451568,-0.023201842338061645
2021-01-14,0.052330734164328506,-0.11742267660357918,-0.02652147322846421,-0.01036530673820368
2021-01-15,0.017547371432310516,-0.2095540523725232,-0.09749685925349227,-0.07682167867602696
2021-01-19,0.037425673276451285,-0.1763793418403266,-0.06844982316656752,-0.05138534544864914
2021-01-20,-0.0036700007304390327,-0.08228340526417433,-0.044284014174426026,-0.0380737047618801
2021-01-21,-0.10670402929350359,-0.19867356175096007,-0.1741814843586074,-0.1648653447097435
2021-01-22,0.07915855067763805,0.003932517389938979,0.042263876602783926,0.050223826833358305
2021-01-25,0.13078230924251047,0.23022988485693935,0.21200771851194375,0.20334326101054293
2021-01-26,0.2173469387755102,0.4176522504808018,0.3525620908312818,0.3363825848150786
2021-01-27,0.2340690464748313,0.4533496145721844,0.3894774168319478,0.3717204486932775
2021-01-28,0.29530343365345735,0.5217132553514214,0.4618717044367537,0.44168946669485454
2021-01-29,0.3385215113904357,0.5765816172591938,0.5119234487185095,0.4909762175009801
2021-02-01,0.19136383508447127,0.456595656466348,0.36478310274129017,0.34069728062199434
2021-02-02,0.13792433195746368,0.3888792648709891,0.3040980464907941,0.2829766403192072
2021-02-03,0.09156990765732019,0.2794501105279686,0.2182772184594319,0.20038546244204208
2021-02-04,0.10060975367271394,0.3056159472671768,0.23711421566572918,0.21774436270785225
2021-02-05,0.0800558079009538,0.28603170726200566,0.21036641075087378,0.19151356610229328
2021-02-08,0.0751725652546043,0.2535968284527932,0.18832342517086917,0.17244846646292028
2021-02-09,0.10540014488921279,0.08936624866732269,0.11618880238657835,0.11827922002582097
2021-02-10,0.1101212586542745,0.28262275484831895,0.22643273825578386,0.21217293784681165
2021-02-11,0.18303108131161203,0.3140012397947071,0.29124926968809833,0.2817699433677486
2021-02-12,0.2106809002510954,0.269865670206958,0.289941379892163,0.28392782875023237
2021-02-16,0.11011075278386441,0.390323736356712,0.2987778675498344,0.2735925002365096
2021-02-17,0.09912365230974876,0.35486407775160095,0.2751097128183564,0.25115104305188396
2021-02-18,0.09540365619590083,0.23993883135451524,0.1957571104109694,0.18321243507461335
2021-02-19,0.04870394520463856,0.24912037551044766,0.16919395975202559,0.15025033298767734
2021-02-22,0.023644993750791567,0.1586206565935087,0.10498601580647417,0.0946152155720684
2021-02-23,-0.06640867784895874,-0.061878607727373684,-0.07219407996884024,-0.07090243641844678
2021-02-24,-0.12775826910175064,-0.015252228863756965,-0.0771870976459138,-0.08628915062332707
2021-02-25,-0.1422596342274118,-0.16779053130379637,-0.172364933756966,-0.16937140980366008
2021-02-26,-0.09772050910939316,-0.0753199018496682,-0.09667795252065792,-0.09780741203966153
2021-03-01,0.0025013661456485935,-0.11247314564374848,-0.05298420025197397,-0.0414974231292857
2021-03-02,0.01382934641501197,-0.030705956242029753,-0.006061094729245214,-0.002084701285209647
2021-03-03,0.1258631324782609,0.1760671172121092,0.1703007564051882,0.16433858788351846
2021-03-04,0.055275515176520296,0.18568264060462814,0.139924436018526,0.12955293696452255
2021-03-05,0.3456972468244604,0.39426282576804417,0.41143907967296894,0.40737119407632105
2021-03-08,0.22699234193251683,0.1738757185813252,0.22229609217601198,0.2262413250048013
2021-03-09,0.28121078626495144,0.3150711045979248,0.3380674774614659,0.3336144758654402
2021-03-10,-0.10093051159586755,-0.31662807246674207,-0.2182435976396022,-0.20111342339431482
2021-03-11,0.0640212952973225,-0.13473773701001399,-0.04044042675906128,-0.022699565000865715
2021-03-12,0.05929171714860778,-0.19166262772888404,-0.07192908618706574,-0.05055858464910228
2021-03-15,-0.0356561591812765,-0.3417411236232401,-0.21101806976169651,-0.18392367230150217
2021-03-16,-0.10540901877975335,-0.5071877748387974,-0.3502104036609313,-0.3162530660184307
2021-03-17,-0.022231798770762163,-0.2545471931603724,-0.15683689134115603,-0.1351357361006952
2021-03-18,-0.09960860512825732,-0.2746904527854316,-0.20888183633592208,-0.1933246889355785
2021-03-19,-0.23302270466493796,-0.45524185559171126,-0.3785356376225811,-0.3607228854832076
2021-03-22,-0.1474408793557236,-0.05499349426458494,-0.11066068622588947,-0.11709370059276125
2021-03-23,0.12009867358286136,0.24840768489120688,0.20253142866133253,0.19160050560776332
2021-03-24,0.28828001306603884,0.27119889576162076,0.3034160835543795,0.30275700049239895
2021-03-25,0.2431596456257712,0.1429257880104049,0.21022935646298258,0.21748768428941428
2021-03-26,0.3933805366510804,0.4081842260475717,0.43967968755780956,0.4373383224317928
2021-03-29,0.29365340878520263,0.22054601456491035,0.2751827414408397,0.28029198159840696
2021-03-30,0.29524571114415304,0.20247530546710707,0.26865369983543197,0.2760018125176426
2021-03-31,0.1287569387831601,0.01566073382484827,0.0783998278260087,0.08679873633758728
2021-04-01,0.06832727418307295,-0.0036941394327900967,0.04336265381158891,0.04734603098670778
2021-04-05,-0.030577233829820707,-0.16860366527378884,-0.11186550698606762,-0.10097605146040524
2021-04-06,0.07352941401467813,-0.010323955654007008,0.03584885255769569,0.04204699235034936
2021-04-07,0.024637337098446892,-0.10398430035365513,-0.046150936828049265,-0.03643624555891103
2021-04-08,-0.013870247910492024,-0.1480237871265858,-0.08912017295424571,-0.07890535970238807
2021-04-09,0.022613988056457323,-0.17017373190701693,-0.08422441000082552,-0.06953055334062454
2021-04-12,-0.14086480143267432,-0.39578036304922176,-0.29030681026835853,-0.2690941517236385
2021-04-13,-0.23748620008333174,-0.38320439894203173,-0.3283990011025891,-0.31851059235477014
2021-04-14,-0.1715700340147802,-0.3052994847566767,-0.2541106624829698,-0.24415172516950406
2021-04-15,-0.07684796429230327,-0.13044719359997292,-0.11081735015283173,-0.10636577879393018
2021-04-16,0.11564133223531911,0.1747089021271725,0.15731771382782694,0.15247633074356878
2021-04-19,0.33081289158446253,0.4497718443182953,0.42397906627863347,0.41450013567320665
2021-04-20,0.24775237407959608,0.35473742322473395,0.3245352005435109,0.31707327149160824
2021-04-21,0.24985777738548712,0.30808763532811917,0.30118781144446855,0.29581124927982005
2021-04-22,0.14167391571197294,0.09159332164367316,0.12234636248158218,0.12701738015132177
2021-04-23,0.06316265378605831,-0.06723154010601755,-0.003900880092349865,0.0072283137739892955
2021-04-26,0.06832196375404387,-0.07152542328478688,-0.003211074749302596,0.009886057681214415
2021-04-27,0.03984449522967363,-0.03908053366070897,0.0029786210898382006,0.009530274470977772
2021-04-28,0.05030307573659047,0.025589994621436074,0.042534740590072985,0.046565890633983614
2021-04-29,0.03382771850464649,0.10047616106389558,0.07893196205455608,0.0741329887613414
2021-04-30,-0.023850674632878783,-0.0017701499398009972,-0.007284565506971012,-0.008952819478662227
2021-05-03,0.006911222365715517,0.03492791586306447,0.0298072870386557,0.02819423244281397
2021-05-04,-0.16033399085886027,-0.21609834891803514,-0.19124313341792515,-0.18658557241145549
2021-05-05,-0.2380747442505833,-0.2885680005035981,-0.2796044223583149,-0.27662462686403627
2021-05-06,-0.1334888864723306,-0.18784875364155745,-0.17041845183382393,-0.16684409226171254
2021-05-07,0.03189655424313546,0.0994969763465125,0.07361726218021873,0.06753170385093257
2021-05-10,-0.012271951375690041,0.011795659323923232,0.0002914992966069463,-0.0018020908284005484
2021-05-11,0.1538753819681895,0.22196005615550798,0.2019660179675096,0.19660785747874748
2021-05-12,0.2846467201695023,0.34750779957203237,0.332996777438137,0.32800834050156064
2021-05-13,0.10109402077649006,0.05256301448635172,0.07359578048687714,0.07769475049984467
2021-05-14,0.21048572015569822,0.17302611102149076,0.20456352954949414,0.20732286686503604
2021-05-17,0.22226470931485767,0.2183856041706137,0.2365834479090487,0.23685277852109207
2021-05-18,0.2435673115938473,0.3309207046784736,0.3128108891923995,0.3038720115495029
2021-05-19,0.13130516746409318,0.30575517142017894,0.2346109457422067,0.21841482454262381
2021-05-20,0.1899961942985413,0.3356229677357729,0.2848769185965915,0.27165856741789557
2021-05-21,0.2059542451305007,0.32444587344375075,0.28252317864653276,0.27055967993818986
2021-05-24,0.089440938965419,0.2659114812660513,0.19470742903587737,0.17802562027103866
2021-05-25,-0.030296487016129543,0.022813149932848564,-0.007677123706478773,-0.011443301950318719
2021-05-26,-0.009611587711040353,-0.06098503080683591,-0.04121456907574118,-0.03543564500392611
2021-05-27,0.07177883443566345,0.045219733665384225,0.059341038520681295,0.0633208468305419
2021-05-28,0.046729318501341564,0.014614417552858392,0.032035346276310064,0.03543302524650154
2021-06-01,0.09435600468049891,0.04530840237821579,0.08187815636147279,0.08528025812268385
2021-06-02,0.15939289739913756,0.10846561786186935,0.14950988832145978,0.15601915355081306
2021-06-03,0.12938578880341875,0.1374441626413926,0.1499290761249035,0.14952658464340518
2021-06-04,0.08803866117095298,0.00034006466568922846,0.04585112495871349,0.05341594704785078
2021-06-07,0.004038759109576694,-0.12163372506431756,-0.06457681918570496,-0.054146859369305494
2021-06-08,0.054090989366782215,0.004018506470712838,0.030284563705034503,0.03405110406278794
2021-06-09,-0.003998455149198712,-0.1806211908349197,-0.1132502352564413,-0.09741064183754622
2021-06-10,-0.134812918588116,-0.28518689399846825,-0.23920600984135923,-0.22424851502576984
2021-06-11,-0.07152824456201333,-0.1681265600781413,-0.13883628298292985,-0.13052699544152133
2021-06-14,-0.22408246270901255,-0.285383174285509,-0.29115285173920813,-0.2862000348024698
2021-06-15,-0.21459027548059198,-0.2244711944068582,-0.251393527011278,-0.251109794738983
2021-06-16,0.11894172279077116,0.24359592740571567,0.19839222550775523,0.18711446113151556
2021-06-17,0.2174869211129576,0.4092997156656355,0.3559340243333795,0.3383555762494001
2021-06-18,-0.044010211814440967,-0.014868030223536848,-0.0361144388585703,-0.038985517074117876
2021-06-21,0.01114041768807818,0.033890592682836146,0.025046155081712755,0.020162559978590535
2021-06-22,0.0996258482598211,0.027656376091569793,0.06772034753913092,0.0733160274844797
2021-06-23,-0.08110482025050376,-0.08042695799982123,-0.0873788897426496,-0.09082432206029017
2021-06-24,-0.2566268591996979,-0.37286826995321304,-0.3535629928747916,-0.3438193912988434
2021-06-25,-0.38269557521963393,-0.5422621786728974,-0.5251373971400294,-0.509298375558953
2021-06-28,-0.2548089929823752,-0.5193987495494773,-0.4420302541368229,-0.4187027303817198
2021-06-29,-0.3608364200289322,-0.6147579198037842,-0.5488529485149645,-0.5276140065532224
2021-06-30,-0.36626224916105427,-0.5007620093650791,-0.4863764808835432,-0.47501609072683704
2021-07-01,-0.23666183254248566,-0.32462290858971105,-0.3041814162780856,-0.2988850010121332
2021-07-02,-0.021880124273296813,-0.16959260131767956,-0.10104620423913495,-0.09021501972175679
2021-07-06,-0.031325699813425416,-0.1909348279654377,-0.11732021045742332,-0.10554091052341726
2021-07-07,-0.013092741528787658,-0.1901783681994498,-0.10657990541938411,-0.09324210397555242
2021-07-08,-0.3241288827953779,-0.6232950039311476,-0.5281505962516161,-0.5030753433166915
2021-07-09,-0.4400091167558375,-0.6655216647389618,-0.5970209386552869,-0.5790899224682791
2021-07-12,-0.33159912109153605,-0.5003325580530689,-0.4441441118078318,-0.4295634385847748
2021-07-13,-0.16054256385381632,-0.138290948848934,-0.15905401081979104,-0.16345502879063029
2021-07-14,-0.2507897812935818,-0.20198813390950532,-0.25287904828467345,-0.2547225409873644
2021-07-15,-0.12222951835860509,-0.0033848273524439264,-0.07612942418271744,-0.0839755181653476
2021-07-16,0.08230693420569912,0.33628566560428785,0.22981796161229165,0.21006041261380956
2021-07-19,0.023705681135418988,0.05795115018938327,0.04501469827783816,0.04255463428539013
2021-07-20,-0.1458516695361407,-0.14659557988481733,-0.15765297866349257,-0.1582796979983945
2021-07-21,0.061210732984952616,0.1361904071939345,0.10864617949455731,0.10389353386434473
2021-07-22,0.027881876749884606,0.11360497463722154,0.07837123747573856,0.07123271577254178
2021-07-23,-0.13257695562624647,-0.13611584486723524,-0.14398062986017945,-0.14337609952982408
2021-07-26,-0.04381060755425715,0.008302112247489703,-0.024376492603783207,-0.028391621803949402
2021-07-27,-0.22058992302245847,-0.19298009800512525,-0.22256159914045595,-0.22489398295122323
2021-07-28,-0.10962110080329467,-0.07281415658094927,-0.10132331489604635,-0.10543831938434421
2021-07-29,0.11721522065308113,0.173309817247929,0.15236565068233276,0.1469222216591679
2021-07-30,0.14936983874770135,0.15992333470402562,0.1640899926664044,0.1623248837131513
2021-08-02,0.271284303944369,0.28905105965595956,0.30163061691494897,0.29936179686340475
2021-08-03,0.40758332664010877,0.4192618852139692,0.4492408060908576,0.44567251484243414
2021-08-04,0.24367846412624747,0.2229473772077221,0.259200704964932,0.2589605984463991
2021-08-05,0.02367668941161248,-0.0666943609265773,-0.02319770928724116,-0.015981217042545473
2021-08-06,-0.08643553443278477,-0.22086679695253647,-0.16536025602456614,-0.1551512825653751
2021-08-09,-0.20286860429514256,-0.41663701659905567,-0.34044275848294847,-0.3221416189380072
2021-08-10,-0.1995263600548891,-0.4705165293270395,-0.3707521358723061,-0.34915067486731893
2021-08-11,-0.17315228444595424,-0.4382453389619179,-0.33893036350365824,-0.3176708539880235
2021-08-12,-0.09077604884498311,-0.35422246996611595,-0.246206595037408,-0.22309869525184317
2021-08-13,-0.052347459075021065,-0.08485399723711701,-0.08076804121976738,-0.07679859296067729
2021-08-16,0.006469059976833765,0.14778649888805678,0.0773650599595821,0.06685089224856493
2021-08-17,0.03939732136150804,0.27531335808057145,0.1646034023302865,0.1453986701547547
2021-08-18,0.15128322012478096,0.40860028972316026,0.3016192592068152,0.27935078156877197
2021-08-19,0.3409265212130486,0.5897624509500139,0.5000272904225715,0.4801896242266822
2021-08-20,0.1303065703072644,0.32630026468866363,0.24642395530916394,0.23107924468477636
2021-08-23,-0.024751227983494717,0.06951848615680471,0.023124714029799542,0.01567656722295627
2021-08-24,-0.030906123842467506,-0.14178398191307073,-0.09478889787931101,-0.08598046407932806
2021-08-25,0.12635097462908126,0.11438844610536571,0.1367349078175407,0.13766063833284428
2021-08-26,-0.035157255392018326,-0.1454958137135058,-0.0939062657894595,-0.08523285711624638
2021-08-27,-0.012123916724134926,0.021170085151837385,0.0037596210064374603,0.002063449365472295
2021-08-30,-0.15439526532309447,-0.18736859330718936,-0.18644619418636033,-0.1827867222180939
2021-08-31,-0.17416849054954645,-0.08476521815852515,-0.14889572417373562,-0.15650558787039462
2021-09-01,-0.26092008770561137,-0.15272780114453138,-0.2311207222278047,-0.23916303513332002
2021-09-02,0.03890068743589276,0.1126008014644041,0.08655610473893038,0.08081713155701496
2021-09-03,0.05913218554379662,0.02082858047622777,0.04521895004714041,0.05141778520297295
2021-09-07,0.0936928593074846,0.2606967576684825,0.19601481854495537,0.1794433814290759
2021-09-08,0.11230656664418678,0.20103398802750705,0.16954653570421685,0.16189274509870688
2021-09-09,0.1970940656101587,0.21343411293209105,0.22732442545473794,0.2238803503817942
2021-09-10,-0.047698488826788225,-0.14437005005997863,-0.1161245100781686,-0.10702966844402659
2021-09-13,0.011013375566412043,0.038994626258685085,0.024942641923520838,0.022588881849597335
2021-09-14,-0.0608693527294636,0.007434586832420952,-0.03530722676276672,-0.039862909407522434
2021-09-15,-0.03670253901215216,0.10588657918672213,0.035497879459260535,0.023071695351390285
2021-09-16,-0.04830423520639391,0.016084870623929815,-0.02184852392460551,-0.027466090074564454
2021-09-17,-0.0177452238918674,0.10781773304589522,0.040345648880265296,0.028089410530882538
2021-09-20,-0.01480287568969423,0.1682405258490998,0.09057105176387985,0.07478171241460631
2021-09-21,0.1038492684489138,0.1801686532357518,0.17147357949562295,0.16472633257427827
2021-09-22,0.0880937849954663,0.10939696683759259,0.11984209719776433,0.12154902514936573
2021-09-23,0.029504402343393136,0.15738393591509378,0.11257152123780946,0.10043602687141127
2021-09-24,-0.07507484560683779,-0.06640333084231878,-0.08071915672981755,-0.07894917108502945
2021-09-27,-0.09106918203721459,-0.09012248300538536,-0.1025858540037631,-0.10453748549606609
2021-09-28,-0.12495711474810266,-0.1077041178379439,-0.1409671245136299,-0.14393270735324437
2021-09-29,-0.15762053162163045,-0.15376633589118,-0.18437274220415026,-0.18433340791020972
2021-09-30,-0.11700781414774754,-0.2360551422892751,-0.20316732557261713,-0.19349735038439805
2021-10-01,-0.029704697602116407,-0.06767090406202286,-0.06512990739318326,-0.06202876611055818
2021-10-04,-0.06190258583160083,-0.10721154794671098,-0.10127734302317175,-0.09628890537325162
2021-10-05,0.052817453632978816,0.03584647391915773,0.03817312772203389,0.04190893302121876
2021-10-06,0.04806633723980695,0.014434332500001826,0.030355180220073004,0.0329745330624131
2021-10-07,0.18483640586149233,0.10035325454840303,0.1624303146283003,0.17013437883840693
2021-10-08,0.21306477244734207,0.2119296449275151,0.24329112766750285,0.2427422305368432
2021-10-11,0.23603871801748624,0.208316349901885,0.25328151123238335,0.2551793039754149
2021-10-12,0.010425406665970973,0.13354865820709844,0.09224030254419867,0.07998790612767548
2021-10-13,0.029801143109401535,0.07822090267205943,0.06166004251556121,0.05790678043079897
2021-10-14,0.04308627289408288,0.08310801702756333,0.07359569153975146,0.07091529862831292
2021-10-15,0.018528180945801706,0.034964670790494194,0.02300660725595963,0.023363526619638503
2021-10-18,-0.03463598505871977,-0.05850906469580747,-0.06319300622067163,-0.061259028592453926
2021-10-19,0.003317803132414161,-0.07818864914041597,-0.04576249926163386,-0.03698901328856318
2021-10-20,0.015339568814794504,-0.004716570147363775,0.007563501545828155,0.009159936554239856
2021-10-21,0.05870255062932001,0.044928094738404416,0.05659214599080691,0.05775334789752296
2021-10-22,0.14790237012256713,0.172300325420907,0.18355860852058478,0.1829270295642901
2021-10-25,0.1378026447484092,0.1071428356825717,0.1442986883207502,0.14600576732294984
2021-10-26,0.1666275463536902,0.28207225342792225,0.2520348821572695,0.2436861755223414
2021-10-27,0.15000878297948708,0.1699682791228878,0.18545772780625616,0.18365740891890034
2021-10-28,0.1679617138206842,0.3028768914702147,0.2731389460945501,0.2624409352140593
2021-10-29,0.06733160264238491,0.2103574662636444,0.16024634471393395,0.14521860405306963
2021-11-01,0.07973493228292772,0.2401757316963008,0.1877437155884966,0.17097446606595226
2021-11-02,0.07867837089651086,0.032644842548317905,0.06460181404816087,0.06666922377890046
2021-11-03,0.15670567965339177,0.1860520477161149,0.1998820504498404,0.19861801770656676
2021-11-04,0.011891873811118071,-0.09164122740586038,-0.048091565192246166,-0.04021743332296468
2021-11-05,0.024678169398737453,-0.12559760814531715,-0.050940769082335045,-0.0370490510876974
2021-11-08,0.11954436265913768,-0.0693380677965898,0.034832056668774605,0.05304589121804202
2021-11-09,-0.03230894616063619,-0.11181854544646078,-0.08408017018221266,-0.07657476218355486
2021-11-10,-0.09612745715618541,-0.2509373351939496,-0.20377078358868692,-0.18718472158155322
2021-11-11,-0.029118631513650874,-0.28188957641602763,-0.1774117657788724,-0.1566985691454832
2021-11-12,-0.07405063202400508,-0.2855188397413698,-0.2029710697095248,-0.18601248925662345
2021-11-15,-0.05647260662989284,-0.297273368015087,-0.20494983008055964,-0.1848513779876747
2021-11-16,0.007091479788831936,-0.09726704123353491,-0.050402126648971056,-0.040655380521334425
2021-11-17,-0.0006234212919852958,-0.2683142147465525,-0.1589169304891033,-0.13679966254130355
2021-11-18,-0.09679645548155667,-0.256841986772252,-0.2050776122298602,-0.19055071490155395
2021-11-19,-0.16191507810241976,-0.2746964464085025,-0.25441468090023756,-0.24641475172009195
2021-11-22,-0.2310204019500017,-0.4109885588923311,-0.3670272030596526,-0.3512581893522247
2021-11-23,-0.24120765667503435,-0.3989686959388584,-0.3634958738173568,-0.3491415613994361
2021-11-24,-0.1935346054399191,-0.3492418095461473,-0.3098531340441828,-0.2936325301530602
2021-11-26,-0.03504849817545368,-0.15217700239183565,-0.10145939868745121,-0.09115922421747145
2021-11-29,0.026005631121671605,-0.01905005216709253,0.006149807249585505,0.010971814146946358
2021-11-30,0.15191359791499878,0.31142812848828,0.2794366559701839,0.26489646399449107
2021-12-01,0.053797101356384464,-0.027638243796682737,0.01422625735051398,0.022163753595062785
2021-12-02,0.030516196835683775,0.08151376103605909,0.06930821254163091,0.06391315085433254
2021-12-03,-0.27784170141238984,-0.37119656356154546,-0.3727446573342741,-0.36494026785133754
2021-12-06,-0.24206572472800306,-0.45437737889052443,-0.39825293338202694,-0.3788152131219516
2021-12-07,-0.31778948724899386,-0.5645106479483044,-0.4950959395402303,-0.4738764564742893
2021-12-08,-0.29944301689036057,-0.5268590923666995,-0.4714979466243857,-0.45068842735794956
2021-12-09,-0.17329729874808994,-0.32156991602189716,-0.28334512037187437,-0.2695869956621896
2021-12-10,-0.15789673980207952,-0.20344525139250785,-0.20799633137021495,-0.20182305410936283
2021-12-13,0.03516737033988829,0.12260128017183794,0.08276719303715013,0.07547924322563884
2021-12-14,0.03938840818962262,0.1517751933807781,0.1053675492913063,0.09762807476889347
2021-12-15,0.2530882137622979,0.427327704882275,0.3633089563390063,0.3496968820522969
2021-12-16,0.30327718302106854,0.4320172350699864,0.39461245400892514,0.38364525095185664
2021-12-17,0.32677450736698693,0.531443767599759,0.47440098111491286,0.45823568068892206
2021-12-20,-0.06804405550522562,-0.01892096139675212,-0.044585209517486665,-0.04813283069720433
2021-12-21,-0.0006314331318822957,-0.05961159401363335,-0.02790852694682864,-0.023393671167250964
2021-12-22,-0.13738482729778065,-0.24477542912916708,-0.2067982734139599,-0.1983922841174688
2021-12-23,-0.019308736381498312,-0.013022546020764152,-0.012504764554441635,-0.013652276699734607
2021-12-27,0.09084575185208701,0.21530948435598127,0.17681183760745575,0.16738175676014014
2021-12-28,0.011780208792553636,-0.013675309372190223,0.005038915278993722,0.006488789132580127
2021-12-29,0.009899329228734223,0.009904236480671135,0.022257787710925358,0.020133853809159174
2021-12-30,0.023643840868034782,-0.010770416521535525,0.017104627249256935,0.017389698496438035
2021-12-31,-0.04281887773752051,-0.1167229932394092,-0.07698330850980202,-0.07311615104801876
2022-01-03,-0.15268163291712492,-0.12213178635387376,-0.15009015472235038,-0.15402732157582474
2022-01-04,-0.0770488705257504,0.0897783834729351,-0.0012305718924550057,-0.015702005994659585
2022-01-05,-0.3411835595939571,-0.29315202739488494,-0.34755532944463435,-0.35208517026674957
2022-01-06,-0.27847903631987353,-0.18985026071528505,-0.25734960756500525,-0.2644846554237853
2022-01-07,-0.40016175904752044,-0.36515642816954896,-0.4170900788723383,-0.41806711958932913
2022-01-10,-0.3654385450819221,-0.47146873649879795,-0.4566288069964581,-0.44821927844969295
2022-01-11,-0.4179942118462664,-0.5186118045247267,-0.5125755963164793,-0.5034828469512245
2022-01-12,-0.23091985335929435,-0.38490381085167663,-0.335260719681316,-0.32177101320331186
2022-01-13,0.02074115127335176,-0.1302259479058152,-0.05403896684941961,-0.04225294139679619
2022-01-14,-0.14610661635765335,-0.29853437409804207,-0.24294489814350562,-0.22848435417860513
2022-01-18,-0.24178862912298701,-0.3457906955504906,-0.31999819034014054,-0.3117858832388564
2022-01-19,-0.2368618392745648,-0.379337718613901,-0.3327985893019599,-0.321526670902138
2022-01-20,-0.11542087320885229,-0.1238985846010507,-0.13233411469962506,-0.13028334606214398
2022-01-21,0.03361714972689671,0.09775930627857606,0.06415221705643911,0.05882233491927097
2022-01-24,0.19418889355902275,0.42387247996301053,0.3346785940863826,0.3137036409375472
2022-01-25,0.24549194800075552,0.359027762742933,0.34086963576385493,0.32997471906407533
2022-01-26,0.16558567584509723,0.2930138364535717,0.2586349922859842,0.2488926681304177
2022-01-27,0.07849711940669558,0.28706357163707436,0.20124392835226304,0.18396921394679483
2022-01-28,-0.11789387376886708,-0.09989819688616208,-0.1281833024804065,-0.12917057997763268
2022-01-31,-0.12828715002303132,-0.11241134937088818,-0.1481101897324471,-0.14834895007842588
2022-02-01,-0.004451525130504526,0.16382180859601592,0.0848714146434337,0.06986790654987517
2022-02-02,0.08889597289298368,0.36715568691654954,0.25183755145172715,0.22882270570964924
2022-02-03,0.018443661349524222,0.11366790853243185,0.07667743571204698,0.06906416413183328
2022-02-04,0.04662706426344731,0.13389638723256744,0.10931758178817215,0.10156207267342103
2022-02-07,0.14715376079740336,0.3405485657006955,0.2780795247907772,0.26088547230855336
2022-02-08,-0.059766382153485814,0.04759539951170142,-0.004937996944600635,-0.014566885731612966
2022-02-09,-0.0884314148539621,-0.13024552046650906,-0.11605664290559638,-0.1131669654142164
2022-02-10,0.037004531357045505,0.023227254934311624,0.04039621735936878,0.03986593812578653
2022-02-11,-0.1392647351225338,-0.15544971024847185,-0.1597608420107768,-0.15869683855164798
2022-02-14,-0.19440997421140477,-0.47087974123310944,-0.3639256533759505,-0.34148345515912504
2022-02-15,0.02463894597982353,-0.17392502519010472,-0.07940037900887094,-0.06311623681112312
2022-02-16,0.07959445984427302,-0.006165422776931264,0.04331862244295254,0.049386142841891745
2022-02-17,0.16726891485085144,0.1031048592701203,0.14599967365437583,0.15008653849264503
2022-02-18,0.1830786202516746,0.03887689834097435,0.1165893118316066,0.1268892951822385
2022-02-22,0.19715670970074728,0.21515323223447488,0.22356395054936842,0.22121080229332604
2022-02-23,-0.09837068735328584,-0.2912165234146658,-0.21417266911319113,-0.1992840012910473
2022-02-24,-0.184925206105947,-0.38889654525397027,-0.3206898136679397,-0.30259087910417043
2022-02-25,-0.2313952443769888,-0.5232438036324019,-0.41492275854188854,-0.39182444543819583
2022-02-28,-0.0999418431467113,-0.3117890685521731,-0.22348451658702417,-0.2066174884152892
2022-03-01,-0.25967455554303,-0.4077823674492832,-0.3626200197537646,-0.34927214346452096
2022-03-02,-0.18171177696714325,-0.3016693356523743,-0.27166698383088184,-0.2617739323856015
2022-03-03,0.03232052892925268,0.06567668287634498,0.0533659287782966,0.05028450198956418
2022-03-04,0.1506875672990758,0.29692211635202986,0.2525691979941292,0.2425648441448591
2022-03-07,0.06920038432795986,0.18050687791266418,0.1388484488302996,0.13073317202707616
2022-03-08,0.11817397932482805,0.2666447178670943,0.2100324808307754,0.199368511634979
2022-03-09,0.2667759129593228,0.4090806812489315,0.36632290929252737,0.35592646206503364
2022-03-10,0.3447641287931669,0.6048637743524047,0.5214326426713574,0.501015293734414
2022-03-11,0.37294728331346244,0.557970288492334,0.5084573927169392,0.49504561841489353
2022-03-14,0.44760425866436326,0.6087198947453031,0.5862634429490032,0.5717638896458156
2022-03-15,0.13605583057915716,0.07162928527292785,0.10631515822481333,0.11242369245999011
2022-03-16,0.15121294491423667,0.21023699975338708,0.19022585813794013,0.18576463570591895
2022-03-17,-0.07899691497428232,-0.16382698473015544,-0.13091079433187425,-0.12461637504874401
2022-03-18,-0.050794349950963595,-0.026115040078955955,-0.04668975845386875,-0.046571818985612086
2022-03-21,0.0023620591358394284,0.05709947857914122,0.02703214264484928,0.02226967011850112
2022-03-22,-0.052739282353886814,-0.08379041335163893,-0.07737621972391373,-0.07411791084258257
2022-03-23,-0.16079476553481037,-0.22670984757031518,-0.22459832950811617,-0.2172206001180059
2022-03-24,-0.027657627593572934,-0.11194370555959111,-0.08355641576969962,-0.07834332849812727
2022-03-25,0.025416560593244698,-0.01752265740735902,-0.0015158153502447197,0.0034121175788732103
2022-03-28,-0.36411839112810607,-0.5042448032733076,-0.4792305037636449,-0.46676561046156434
2022-03-29,-0.42108144871035874,-0.5641540765913564,-0.5379339809083232,-0.527422636080691
2022-03-30,-0.3468348810720968,-0.5142044816860659,-0.4660497611434806,-0.45352237172457094
2022-03-31,-0.33901334422312324,-0.486315072778188,-0.4449270096021986,-0.43301681770775396
2022-04-01,-0.3518370174716924,-0.5278116424694839,-0.47361949816469595,-0.46033685186028517
2022-04-04,-0.14232084770944492,-0.31307071701827605,-0.2481893562189429,-0.23628560206740784
2022-04-05,0.042838830860609446,0.040604333568996745,0.04935603466710219,0.0496870554092717
2022-04-06,-0.0570853437512987,-0.04554983111618107,-0.05353322025957953,-0.05422184662069364
2022-04-07,0.0027874478445369982,0.037911898661046065,0.024104481370840338,0.02126793938020123
2022-04-08,0.20185853077920976,0.26240426951433676,0.24986395816893084,0.24559706334020415
2022-04-11,0.13812917092515684,0.16969154471022732,0.1669792347339302,0.16509374401976087
2022-04-12,-0.1338420378241025,-0.22296780121056836,-0.19025004911835572,-0.18363336247397313
2022-04-13,-0.015557717255165745,-0.11299406262574833,-0.06726457968250603,-0.060556538938091195
2022-04-14,0.07873810826730651,0.07167875717037668,0.08348965264066653,0.08350970761561131
2022-04-18,-0.29344236063569895,-0.3826388977024186,-0.36068497185684517,-0.3536185034850563
2022-04-19,-0.22714225385304707,-0.3582238692946497,-0.31119704509811424,-0.3010679011746589
2022-04-20,0.0324718305074876,0.05806353356262612,0.04828449418692866,0.04697097856060171
2022-04-21,-0.014405529703917662,0.041060530160562186,0.014524522453047322,0.011286510720694557
2022-04-22,0.12639547207712043,0.1836549628799015,0.1670169320129393,0.16261815832649612
2022-04-25,0.2811206300828613,0.38140489690671,0.3610852455922566,0.35268297578646707
2022-04-26,0.37797360818605613,0.4579178054783905,0.45373075153477366,0.4472293871034129
2022-04-27,0.05472671878137876,0.07463741553631593,0.07329047565618528,0.07043051251442412
2022-04-28,-0.05325490494701555,-0.0958060124281967,-0.07671281120192144,-0.07362438636058792
2022-04-29,-0.3084041754480529,-0.4757880104309057,-0.42172849888143743,-0.4078771305204528
2022-05-02,-0.23796166823817086,-0.43788128884744665,-0.36866738736451365,-0.35064760157105623
2022-05-03,-0.3035552327107788,-0.5779690790686841,-0.48988084334632914,-0.46837041112689665
2022-05-04,-0.269984518879576,-0.5180214824497946,-0.4404016639829788,-0.42026471446776775
2022-05-05,-0.002939994420724644,-0.026566956405752178,-0.017690236926367304,-0.01577790203817747
2022-05-06,0.07024596342414213,0.07540388155312891,0.07735562786204091,0.07639341904314681
2022-05-09,0.14523157993925673,0.16850959438767701,0.16879927205610615,0.16302050321480235
2022-05-10,0.23569207183501625,0.27722961355928155,0.27638840272750725,0.2654006539348698
2022-05-11,0.30561723963049986,0.34725803003800226,0.3572074291009853,0.3473930076897943
2022-05-12,0.030019481628964638,-0.000687679282747074,0.016922632012699553,0.01912377505416899
2022-05-13,0.20497125240483008,0.21714027049780227,0.23431534766844073,0.226682871948165
2022-05-16,-0.1678520939956218,-0.2581157428387064,-0.23634737677575257,-0.21793152223386023
2022-05-17,0.02426442315217045,-0.012397388739867655,0.007615987441898092,0.01047823746660087
2022-05-18,0.08982159967218396,0.09378333847213959,0.11209195608249109,0.11030894304087428
2022-05-19,0.3279069364163822,0.29467288698632776,0.3526882161409013,0.35550181998351105
2022-05-20,0.3182094424739213,0.3548513192796314,0.3885978860259019,0.378486543171074
2022-05-23,0.5154862697869037,0.509153172012145,0.5749557962836735,0.5738176204067098
2022-05-24,0.5618697926043256,0.5289993661724205,0.6035115016264787,0.603859305706215
2022-05-25,0.26331780911043257,0.169554277614489,0.24719342538807443,0.26175794953418524
2022-05-26,0.07387341306215921,0.03218136974942783,0.06349530410929796,0.07677615434634757
2022-05-27,0.11577500919868437,0.012698500389329898,0.07990289372547253,0.10067695373556375
2022-05-31,0.19964325139178107,0.10261889990725263,0.16896429992207235,0.18914584579151678
2022-06-01,-0.17422104205344496,-0.2510138877172079,-0.23179113343839605,-0.20845023806484253
2022-06-02,-0.2434239888207755,-0.26718542480259144,-0.291236408404667,-0.2780510262308063
2022-06-03,-0.3747679334528844,-0.390416238329124,-0.4450320633140568,-0.43296734581030516
2022-06-06,-0.27998119885839734,-0.3086784110164061,-0.34634753007782704,-0.3338076463943871
2022-06-07,-0.24822125266823783,-0.2610650443467781,-0.2968266770740689,-0.28832037682256534
2022-06-08,-0.3190938727466124,-0.2679887210046279,-0.3502081466679107,-0.3534650111996114
2022-06-09,-0.10104678332459334,-0.1265491634446476,-0.14486896203270938,-0.1320557738407637
2022-06-10,0.0594129727327989,-0.03312193387145057,8.316655643323767e-05,0.020268298449630833
2022-06-13,-0.061758474168642455,-0.11678279373379191,-0.11752671067831609,-0.11150054884441561
2022-06-14,-0.044024728868204396,-0.18449827458047807,-0.1501284291243154,-0.1255831176403398
2022-06-15,0.20064801875009042,0.15662787801145867,0.1948633907957826,0.19154707432704657
2022-06-16,-0.06112200591156142,-0.08849979954922839,-0.09743844900625674,-0.0968346695473844
2022-06-17,-0.09657637547941095,-0.10563957234182493,-0.13245543408945623,-0.13559366152512303
2022-06-21,-0.1678650149440017,-0.22366359308816872,-0.22618075671162274,-0.21978686769975336
2022-06-22,-0.2687164641580211,-0.29471439560048507,-0.3081386154309043,-0.3058385051125523
2022-06-23,-0.33582587547065973,-0.46808721686484045,-0.44892987514092897,-0.4311571919770916
2022-06-24,-0.26568268794493916,-0.38518665065051316,-0.3667272365893741,-0.3555584588359223
2022-06-27,-0.3237664303539491,-0.3506607409884873,-0.3705722747562243,-0.3630389680779347
2022-06-28,0.11062851673702559,0.2027228506842788,0.16722175320413366,0.15876940792166047
2022-06-29,0.1999064936749519,0.36420976980387676,0.30657364549435684,0.2852284330025336
2022-06-30,0.12795860320049743,0.1745913529195263,0.16200699913191843,0.1588761119667493
2022-07-01,0.03819845758248969,-0.03754618486678013,-0.0011055532337595497,0.013095868551473015
2022-07-05,0.22413921567265346,0.22973326310049108,0.24326134560451382,0.24364178473209122
2022-07-06,-0.19877095736832284,-0.29027456654231504,-0.26907847713510447,-0.2523709307311314
2022-07-07,-0.06239202919915606,-0.09719575709287798,-0.08481832057847964,-0.0823462739759224
2022-07-08,0.35198419500121203,0.40426229761128873,0.41530951738382066,0.40484600627656037
2022-07-11,0.4620004115434353,0.6014149758998697,0.5863890061054795,0.5571775436406589
2022-07-12,0.5529502735518993,0.6520102935390648,0.6562856403837091,0.6354496505238472
2022-07-13,0.5228970707510118,0.6825445079101533,0.6690700868995803,0.6385906680771632
2022-07-14,0.4092534299049933,0.5228284188677057,0.514772778711735,0.4984675407863195
2022-07-15,0.2926010054701837,0.3476471359678363,0.3628130638613859,0.3504953037781051
2022-07-18,-0.11225820452707846,-0.12425812993386075,-0.1220876970818462,-0.12007944669314578
2022-07-19,-0.09621039583095312,-0.16585523298451663,-0.1424942017300643,-0.12813325957342184
2022-07-20,-0.062181446229260084,-0.17783176662781502,-0.14362087902354354,-0.13021740336287974
2022-07-21,0.11508519796468607,0.0603147537491511,0.08889145704813486,0.09222542163718635
2022-07-22,0.10571778455194683,0.09529307744317886,0.10017226578582712,0.1006768541945226
2022-07-25,0.2866492236298749,0.39543977605256564,0.37108543481988726,0.3461239589562425
2022-07-26,0.15723833751629604,0.34639351609566194,0.26914470543593527,0.23179310991844354
2022-07-27,0.16364041035127677,0.27126312355307763,0.2351005571263458,0.21273856565839058
2022-07-28,0.07687087546837504,0.22023619595947982,0.16125262300087798,0.13168777061165232
2022-07-29,0.07989235845999851,0.2388279739192518,0.17623977143573835,0.14556976420967027
2022-08-01,-0.02673247632730509,-0.005892879406277506,-0.02392962962152246,-0.026396840766436155
2022-08-02,0.04867531711605185,0.09048464790965058,0.07627449934726527,0.07375229659845865
2022-08-03,0.11407495717592109,0.08547424960364002,0.1113203990453726,0.11271305826659729
2022-08-04,0.146236772178702,0.12514742650325014,0.1438594110101412,0.14815384963778258
2022-08-05,0.06396851569863592,-0.039447965294020594,0.0023731595564582984,0.01719885040051582
2022-08-08,0.1561132140193143,0.13901598206071356,0.16495051215875334,0.1611289248099326
2022-08-09,-0.19771372888925315,-0.26215949809416234,-0.2637928068845809,-0.25287759463055715
2022-08-10,-0.17842958762229832,-0.16043810998438948,-0.18046294813550243,-0.1727334193865634
2022-08-11,-0.2938168992598593,-0.22185602732202497,-0.2795497926696519,-0.27778355945325095
2022-08-12,-0.278758589340351,-0.3166130264881199,-0.32189109524721177,-0.30647815584294713
2022-08-15,-0.23396572729733195,-0.2770165957312322,-0.27060631282954833,-0.2589920026239018
2022-08-16,-0.08487767632856184,-0.10294380186554843,-0.09948171937734156,-0.10082447355853996
2022-08-17,-0.03216092335484258,-0.047371730792249635,-0.04425623539329008,-0.04773913677511414
2022-08-18,-0.044070305647153404,-0.12215313244458115,-0.09800870292712366,-0.08392240477219659
2022-08-19,-0.013427543839280564,-0.1166564761525795,-0.08291952853553676,-0.06161784551877431
2022-08-22,-0.06803346960375636,-0.14740042349735955,-0.12159979454720388,-0.10323635298547224
2022-08-23,-0.17072579525138237,-0.2208115431772953,-0.20992684278767892,-0.19682075868688445
2022-08-24,-0.35825432566628634,-0.37742075724353935,-0.42846256260551063,-0.41712718085089173
2022-08-25,-0.20058217450184168,-0.21645423364223407,-0.2393275002240342,-0.23435917841810872
2022-08-26,-0.300264931681364,-0.13581304997980562,-0.23641288341459238,-0.2560011925016729
2022-08-29,-0.21310820518443618,-0.08989208903966969,-0.16826760317615364,-0.18170238390365553
2022-08-30,-0.10367045406759773,0.03307236160871263,-0.03343828612564835,-0.05357572572262441
2022-08-31,0.24670490208538928,0.3945040902658069,0.36989145244765786,0.3489222567048979
2022-09-01,0.2723236181688728,0.456049818300272,0.4059826777616141,0.3778779492455162
2022-09-02,0.12045618217251292,0.20449686607474588,0.18449723159968034,0.1717302447739087
2022-09-06,0.15006203344222097,0.11859663058552777,0.1406789321982346,0.14832924095227928
2022-09-07,0.0716784700466307,0.052904472028207764,0.061331686393056195,0.06193896645887393
2022-09-08,-0.2563746428036865,-0.3068545205195147,-0.31969149026081584,-0.3154430210905069
2022-09-09,-0.30252967401178665,-0.3658003361003254,-0.38129724344831195,-0.37065624671047964
2022-09-12,-0.11923804429993452,-0.11787276813432467,-0.14075896670809723,-0.14050252796916618
2022-09-13,-0.22654109681104084,-0.1806041295098624,-0.22122306786216242,-0.22512754318028153
2022-09-14,-0.3124222671432578,-0.35464128768281644,-0.3611334981767098,-0.3504601657905811
2022-09-15,-0.30564499242502763,-0.34076675966288433,-0.34722510787574595,-0.3392482610802244
2022-09-16,-0.32570906927664545,-0.3177885066429958,-0.3491490032651993,-0.3466846736410097
2022-09-19,-0.20847152096203364,-0.17070298122929703,-0.20689931484648752,-0.2126581364971458
2022-09-20,-0.045904294317500066,0.006789843728030981,-0.02465398587985091,-0.03015481369276608
2022-09-21,0.02618405017321439,0.09008001357739802,0.06841935938549329,0.05770588260179378
2022-09-22,0.09232915606079105,0.11868124342391431,0.12064618102472324,0.11744091224986677
2022-09-23,0.24192985504164755,0.28331366153507714,0.2855917008398156,0.27993215282635586
2022-09-26,0.4128499138059766,0.42927497043008944,0.4537181751836431,0.4498101876771675
2022-09-27,0.22964590788019415,0.3381910356822282,0.3135331260672555,0.2942680535719929
2022-09-28,0.3371261527583921,0.4890949554342316,0.4637510994626798,0.43409663892209
2022-09-29,0.16247375755922505,0.2895966920521207,0.259399483232299,0.23374710055611092
2022-09-30,-0.0113017615162074,0.03642948276235348,0.014792953743597933,0.009979636391507856
2022-10-03,-0.28093093886495807,-0.3219814739191274,-0.33091125809960203,-0.3185346662874153
2022-10-04,-0.1595300195071647,-0.2208229903970269,-0.20990224017771988,-0.20014194552467213
2022-10-05,-0.16652834346844528,-0.3767134186051662,-0.30600176954342045,-0.2730492879953753
2022-10-06,-0.17330670305576842,-0.2905635341847576,-0.2597283910765007,-0.23895747681378085
2022-10-07,0.028084815963290887,-0.03360679745861768,0.0003210201133286628,0.0008229555576625076
2022-10-10,0.10534782161238929,0.1332613684768297,0.13421100372011288,0.12250332087585472
2022-10-11,-0.005292774830640676,-0.08938088929918604,-0.053010197808261286,-0.043940950361643825
2022-10-12,0.023139532484718044,0.0589223751319199,0.0509918213297008,0.047014230312940386
2022-10-13,0.1524123294839407,0.18574632015434833,0.191774433562789,0.18782662837322814
2022-10-14,-0.08316359664563747,-0.07106429032339143,-0.07570268413022625,-0.07778082207461945
2022-10-17,0.15570961222762458,0.2277334280964045,0.21681367931462214,0.2046777321465055
2022-10-18,0.15392036565882677,0.23747809786029067,0.2136773401972547,0.19685898244668396
2022-10-19,0.04438849723761418,0.09347575665500295,0.08260725165732823,0.06690894956081249
2022-10-20,0.003387598962102209,0.07047222021066368,0.04489686758349564,0.02958404536284327
2022-10-21,0.03028355425640627,0.0736128414316899,0.05523172347005285,0.047356054256737126
2022-10-24,-0.12967346359862375,-0.15741739169666943,-0.15861889551318617,-0.15627724858302708
2022-10-25,-0.1722455858556502,-0.2596578326481177,-0.24771343441729277,-0.2341723398838804
2022-10-26,-0.114237427005492,-0.2139610291846867,-0.19029827495252216,-0.17719723783564928
2022-10-27,-0.04570992880890559,-0.09926974203690335,-0.08339639881834017,-0.0760434327424826
2022-10-28,-0.030990789857317996,-0.04507880290948509,-0.043636484714565146,-0.04564608730296784
2022-10-31,-0.05409858934633777,-0.08168830564474848,-0.07224596539499756,-0.0736473803410923
2022-11-01,-0.032846120648663005,-0.03103396325730785,-0.029042555830917707,-0.03047732969981968
2022-11-02,0.37034371433303875,0.4556908733059048,0.4575199656364495,0.4407210952102593
2022-11-03,0.5410882403125771,0.6417777731325292,0.6472941534118927,0.6283663100360015
2022-11-04,0.474406435303723,0.5671079569873207,0.5687982981064823,0.5517767453712794
2022-11-07,0.4593650231302437,0.6173874309029641,0.5940237381768908,0.5682276941591556
2022-11-08,0.47403978249529616,0.5959824240383651,0.5858475257369358,0.5636643346689253
2022-11-09,0.051086294795933865,0.08357510607964329,0.07469948309330181,0.0732571794598057
2022-11-10,-0.3724306843395602,-0.38590314706467155,-0.40673305723960945,-0.3889326786519057
2022-11-11,-0.31945948480175435,-0.40285578269991634,-0.39693853358985076,-0.3610132083496021
2022-11-14,-0.37566991336512384,-0.43076081955125406,-0.44297560526949253,-0.41046479942604636
2022-11-15,-0.20067255738482298,-0.23084567828882976,-0.23098335322125382,-0.21479468540427224
2022-11-16,-0.18665142955763117,-0.2313742412173073,-0.22649687579113859,-0.21131273978503615
2022-11-17,-0.15562178352327838,-0.25721867897591183,-0.2359493174692843,-0.21038063747575864
2022-11-18,0.028094448157592287,0.008337657354792825,0.02479897795159897,0.03842677470917903
2022-11-21,0.1970783741027315,0.16672163820663874,0.19691024300739465,0.20400364021587467
2022-11-22,0.10894110529648246,0.07719562029373069,0.10167741627227982,0.11219574347576909
2022-11-23,0.06921892007601685,0.06586347000567135,0.06099855277160014,0.0635881608871894
2022-11-25,-0.01231253429425795,-0.004630848431366291,-0.014349471425572578,-0.014641243253699093
2022-11-28,-0.16060379310302,-0.26569350367791705,-0.2441510549385488,-0.2281660334612187
2022-11-29,-0.29127746143209066,-0.3705459552368915,-0.3741326957331018,-0.36149120442917815
2022-11-30,-0.30130651250910745,-0.3581431415102815,-0.37458320603484163,-0.3656956189250414
2022-12-01,-0.2608543086546287,-0.3275858336176474,-0.3387186308999059,-0.33041080836532954
2022-12-02,-0.10501816098939631,-0.12284364864700084,-0.12886083864777698,-0.1266227242740534
2022-12-05,0.18500930918928016,0.09743401585479956,0.1658999762246213,0.17580616928558432
2022-12-06,0.18538029320554378,0.1087563045875307,0.16427056822490774,0.17284192342262727
2022-12-07,-0.04097673303383425,-0.10760950025763766,-0.08139550654041768,-0.06838534909021753
2022-12-08,-0.062179803830198756,-0.18346663123005602,-0.13447604483339787,-0.1140753769557015
2022-12-09,-0.15322594056200595,-0.23116610090027406,-0.21884821671048407,-0.1997948459142011
2022-12-12,-0.23980579909277153,-0.3738613686942928,-0.3361411042108156,-0.3077944865710426
2022-12-13,-0.23719645598951852,-0.2681730710128276,-0.2698865610217561,-0.26110316856553645
2022-12-14,-0.2421985066654809,-0.2668218029847911,-0.2737601196687536,-0.26450247545323946
2022-12-15,-0.25007360159839365,-0.3117943177365928,-0.29950866879026466,-0.2921376162038301
2022-12-16,-0.21085675375593999,-0.3199263102488909,-0.28230392971533114,-0.2654908758474124
2022-12-19,-0.3704641937731394,-0.4526219930619536,-0.4390680706146886,-0.424334497457627
2022-12-20,-0.1101574879507338,-0.1845517668522762,-0.1579589508840703,-0.14591500745999897
2022-12-21,0.11107228186976603,0.09330935052497022,0.11212659920081898,0.1156959763496266
2022-12-22,0.05916872577407779,0.11056589138083196,0.09296160412665845,0.08888094079095776
2022-12-23,0.3090212458896844,0.41599744341679823,0.39523873822389755,0.37973403223827673
2022-12-27,0.26489531408822475,0.32561045349670137,0.3267965553091013,0.3131257395688635
2022-12-28,0.14970469745015413,0.1639631590820046,0.17652168153075656,0.1776831261551126
2022-12-29,0.2921196067616422,0.3172099405970374,0.33984623246081685,0.33841414669088693
2022-12-30,0.34145024037229466,0.34441752507157075,0.3844245655081061,0.38563703804493227
2023-01-03,0.4415350165870187,0.4346693063586103,0.4830919019125966,0.482748406093058
2023-01-04,0.48331540303097076,0.5446563057768491,0.5665046012099823,0.5580819293892298
2023-01-05,0.46605314523663305,0.5417374080362196,0.5656960993033032,0.5479398925918451
2023-01-06,0.39857983428684507,0.4807961421713544,0.4933851223063746,0.4766192353204238
2023-01-09,0.41591919856943976,0.4483049774221251,0.4962180158652983,0.48690038032143296
2023-01-10,0.2411740244471826,0.2271345095199085,0.27784925299786795,0.27598642161460496
2023-01-11,0.33325610655776355,0.3090805204981775,0.3715908604365925,0.36768445193742305
2023-01-12,0.3965426435585341,0.36785403334639327,0.4377062955965617,0.4295709808018806
2023-01-13,0.2949796837944485,0.25690040010922865,0.30344200926942244,0.30568918913570864
2023-01-17,0.19193007030547937,0.164173800167009,0.1935101886542332,0.19330450251502884
2023-01-18,0.22016113307741136,0.28610698865367795,0.29739499094710353,0.2780193208037011
2023-01-19,0.18748863997677875,0.2691447912585434,0.265922239512678,0.24833218564118395
2023-01-20,-0.08643185346433306,0.011900825841199626,-0.03086877636153104,-0.04575057200953407
2023-01-23,0.05196294296585396,0.14239337346298298,0.1168059691517802,0.09747369212564459
2023-01-24,0.22703440969009675,0.2354800181721227,0.26598207130967383,0.2592908217102499
2023-01-25,0.21950133677285905,0.3363304918058738,0.32542372562745925,0.2961874854065007
2023-01-26,0.12546756705834286,0.25850063914580046,0.2318608610736848,0.20335126107621862
2023-01-27,0.22307502783218935,0.24421137719100366,0.2739919249915939,0.2643042017405345
2023-01-30,0.23641820053841506,0.2201252765344446,0.26829334955870343,0.26469570327804626
2023-01-31,0.06068782337213717,0.11239863701663362,0.10125272839725961,0.09740572104748675
2023-02-01,-0.11357568488219835,-0.05434747764968478,-0.09594248000419427,-0.09862049382422897
2023-02-02,-0.06382534853933672,-0.01928370349212094,-0.0538429742877518,-0.04894007156652796
2023-02-03,0.017894088763437913,0.06798275295728606,0.04213426582691081,0.039574601968489914
2023-02-06,-0.034505733287424754,-0.0024650646467284836,-0.041625466818928,-0.04838976812661023
2023-02-07,0.08354559237094776,0.11990137762633518,0.10625279023496557,0.09866907286262125
2023-02-08,0.061801369179753235,0.11433443042646736,0.08808861695159781,0.08444006683427098
2023-02-09,-0.054441145474040054,-0.0406365140236108,-0.06807285477824654,-0.06548978751864999
2023-02-10,-0.19522860658624963,-0.24547503189483566,-0.2792494810214625,-0.2745401878885876
2023-02-13,-0.2653644274889331,-0.3509837502621883,-0.36798833905056694,-0.35598511562009016
2023-02-14,-0.29096554792470486,-0.34992995120329584,-0.3841858446760622,-0.3752154890949458
2023-02-15,-0.3156730435066668,-0.3442721257237386,-0.40101218605073113,-0.39589581329819024
2023-02-16,-0.10347402952515938,-0.15813743415610987,-0.15468084542222685,-0.140916115576557
2023-02-17,0.054299245373142485,0.1019855074184446,0.10285899047372388,0.10081001341612547
2023-02-21,0.10066013016487026,0.1477899011005972,0.15486680101429873,0.15829929832476522
2023-02-22,0.08809156242872525,0.02540010922863215,0.07442073805238901,0.08964900408024347
2023-02-23,0.2655282401229043,0.27708296231216434,0.3235601366961643,0.32237138922198344
2023-02-24,0.12450165491644445,0.16621773516354954,0.17481281661268455,0.169530410120132
2023-02-27,0.0003011584850112854,-0.059949501545426845,-0.03366741328521171,-0.027693613686822514
2023-02-28,0.0388289255290372,-0.022447077540456148,0.012648420981818221,0.018773671150581168
2023-03-01,-0.06538891988205295,-0.18897107420027623,-0.13862541619655414,-0.11505049845457316
2023-03-02,-0.3220811845638155,-0.4288158785187648,-0.42268963970723034,-0.41161365516204224
2023-03-03,-0.19565903170969076,-0.33539670572777536,-0.3014608076388942,-0.28834439471111795
2023-03-06,-0.1265803839166597,-0.24883034339740623,-0.20884822867434538,-0.20297648022605577
2023-03-07,-0.1449666016839825,-0.2560050023547477,-0.23127286650692078,-0.22847463798227804
2023-03-08,-0.01978546225530633,-0.14678408744622667,-0.10885458695137683,-0.09724375793985301
2023-03-09,-0.029724861062450546,-0.11881156477930671,-0.09276040237721093,-0.0860122051123749
2023-03-10,-0.07968715685314695,-0.06526569073258377,-0.0816940598759877,-0.08592464411649471
2023-03-13,0.11221386149519026,0.14218837189974712,0.13204902884168737,0.12592003356010148
2023-03-14,0.05364018704653539,0.15118182609693645,0.11753651486035632,0.10620832195535082
2023-03-15,0.05873881497911233,0.04772712549932341,0.05449343420892052,0.06237331018095225
2023-03-16,-0.053631881208352696,-0.030034015220772436,-0.051259729109837206,-0.05479191154063819
2023-03-17,-0.030254133187344424,-0.00987846335893874,-0.02280075296580431,-0.026932278248067723
2023-03-20,-0.3339545198133119,-0.4324987830505657,-0.4260568846320342,-0.4114655435113839
2023-03-21,0.010370116910571704,0.011862090936793824,0.011244469370483281,0.008147328053949446
2023-03-22,0.1280148906874929,0.16604013969293652,0.16254774243059475,0.15842604307471786
2023-03-23,0.37552006098536606,0.46994352563113173,0.484094398435011,0.46856243643170636
2023-03-24,0.22991290428107694,0.30468040731198626,0.30044542605175134,0.2935027762277338
2023-03-27,0.051629655398632124,0.0513473522778561,0.053571347741764634,0.055096546017917525
2023-03-28,-0.2041904507963347,-0.3011733173447944,-0.28422237738607614,-0.2638920219565381
2023-03-29,-0.24120049972694657,-0.3476503971410593,-0.32730084843917917,-0.30663148396594914
2023-03-30,-0.2314455492201998,-0.3638385949082044,-0.3340915523067985,-0.3112230440753361
2023-03-31,-0.08828374981883173,-0.16542201431844894,-0.1455721039044938,-0.1315986362251218
2023-04-03,-0.02149190557070133,-0.1148155183808834,-0.07619498686572665,-0.059894491473438845
2023-04-04,0.13281600053040404,0.23321153945092823,0.20931442720561327,0.19167844040509574
2023-04-05,0.22206330207639138,0.301503773532636,0.28940521255724533,0.27590459907947174
2023-04-06,0.08424895017253964,0.1796339059921403,0.1479212497605128,0.13222749237180476
2023-04-10,0.04289277629521345,0.1326437286539154,0.10177850781574087,0.08640845572084961
2023-04-11,0.09367526658640087,0.23044401834724415,0.18059275390001944,0.15847244153695766
2023-04-12,-0.04923611385206036,-0.012918759226059735,-0.026259254291239764,-0.028112917077263426
2023-04-13,-0.14323525923411154,-0.056894661648481684,-0.10143171224848145,-0.11097203588714624
2023-04-14,-0.24701785295761067,-0.17419325157016158,-0.22505326320042796,-0.23455661486221757
2023-04-17,-0.3415801505629571,-0.38295400129016427,-0.40307212582830676,-0.3941508265362255
2023-04-18,-0.3032269110298778,-0.3025490638393864,-0.3498594509801232,-0.3406513548703701
2023-04-19,-0.1887842730811089,-0.16219116197893788,-0.20242457476940254,-0.20243132645509557
2023-04-20,-0.07219341495525566,-0.04807603262611752,-0.06412423143835351,-0.06822911101349131
2023-04-21,-0.1051421888168998,-0.07026191126360906,-0.09423219166942125,-0.09601592521796257
2023-04-24,-0.05562265180234108,0.06999180785258884,0.01257060011249077,-0.004436028035348918
2023-04-25,-0.09414017294589819,-0.01035356833319482,-0.0534125373324925,-0.06121918545517866
2023-04-26,-0.17428857120101673,-0.10428010020539732,-0.15112865673663103,-0.15738619049315145
2023-04-27,-0.16467426986730851,-0.14218017403170213,-0.16969167915529101,-0.16808388522325518
2023-04-28,-0.153141689101946,-0.052765939385181815,-0.11052059099722,-0.12562717729140643
2023-05-01,-0.026352009593098344,0.07443090299626802,0.025089153328143234,0.00868990941147138
2023-05-02,-0.09289642028193351,-0.0117981766485751,-0.05553614426422306,-0.06661096566943514
2023-05-03,-0.00030023537222949017,0.03227945464279949,0.012591888173512,0.005244713767569096
2023-05-04,-0.19988671971537472,-0.23053995827752138,-0.23812482610402538,-0.22860154363144208
2023-05-05,-0.02242082134995307,-0.027056572081560724,-0.031644076287757984,-0.03145264549171864
2023-05-08,-0.10738476128416313,-0.12139661035617419,-0.13059537586453457,-0.12721598407650203
2023-05-09,0.1825557001262135,0.18977747226270625,0.1998879198506618,0.19431397770788958
2023-05-10,0.3053852827612554,0.34809033557064306,0.3535846702060068,0.33976619637337346
2023-05-11,0.28755442330750974,0.33808530557735467,0.3382724506775465,0.32601857479185964
2023-05-12,0.3254207079088269,0.34047319942315685,0.35808805867661664,0.3510144038968515
2023-05-15,0.4382607734472771,0.49106753155953164,0.509003120238654,0.49153770353149473
2023-05-16,0.20234964725492724,0.1707876781706859,0.20333860691422379,0.20360530730816964
2023-05-17,0.1627067200515317,0.06434191818412723,0.12618545238634274,0.13710897194282445
2023-05-18,0.2662283990980534,0.13660270854360548,0.22288706209128714,0.2370518870075755
2023-05-19,0.13985570367816355,0.03915752676266611,0.09696759141226764,0.10593010914780253
2023-05-22,-0.1052152619311825,-0.12775499526976128,-0.12936302128916813,-0.1287354626291473
2023-05-23,0.03307137159976589,-0.0350458576248758,0.005155814334334306,0.016129130996367532
2023-05-24,0.1870219866446559,0.23321797844741962,0.22802684810342919,0.21459421239066856
2023-05-25,0.06589745001597803,0.14944653256784107,0.11829463654022196,0.10410921049267255
2023-05-26,0.27154251258860723,0.32683795834636364,0.33502113354092244,0.31866782316577863
2023-05-30,0.2447382528089522,0.4152511353556333,0.38241180888750137,0.3456407064085392
2023-05-31,0.2003290277875879,0.3662724145459266,0.3235354250765546,0.2952042656722348
2023-06-01,0.10931785584852799,0.18934309670338748,0.16481851264898933,0.1535238803298776
2023-06-02,0.20243402893682105,0.16111969962492453,0.20607358866631215,0.21623130768973567
2023-06-05,0.1336560423118465,0.0842631546856899,0.1183040630827419,0.13098935745460052
2023-06-06,0.09896456412919812,-0.033122095230227896,0.028517050485202776,0.05336210813266697
2023-06-07,0.16471891375529826,0.06517206857961061,0.12331944001326922,0.14096760425701815
2023-06-08,0.11199576692279563,0.10610987528297842,0.12290189363230963,0.12602152504469633
2023-06-09,0.023041819230360736,0.018013948795411766,0.021911295431006225,0.0218987433889751
2023-06-12,-0.1464432309659359,-0.10127873792117317,-0.14165395844138046,-0.14457517342569592
2023-06-13,-0.1818754591358438,-0.1470873137161188,-0.19998881362054924,-0.21159488701515053
2023-06-14,-0.1726644093250472,-0.20018085049888776,-0.22249088113236382,-0.2189065969620263
2023-06-15,-0.12584944637087622,-0.13538975790225222,-0.13908491620824717,-0.13179123617560692
2023-06-16,-0.018434003384916416,0.035866322077135346,0.023948980081289074,0.022013803249605158
2023-06-20,0.06788272355432298,0.16342730512373488,0.1430684828921557,0.12453824850749212
2023-06-21,0.09629485901053164,0.20283578302660538,0.1838489001549597,0.1648359364397529
2023-06-22,0.13962439520732098,0.27119156778402576,0.24524157940534713,0.22194761924430256
2023-06-23,0.27718678724578444,0.31633151794442116,0.3402176342726595,0.3310278090832384
2023-06-26,0.12912868620969442,0.21868857327739655,0.1979180396108037,0.17722306468331003
2023-06-27,-0.006853726854297597,0.12556207233626587,0.07103949944786608,0.040302420584110724
2023-06-28,0.20274076411239972,0.2716204920535062,0.27259711063400277,0.2619291571011888
2023-06-29,0.32723095148505166,0.2617828181208463,0.33605300153200607,0.3474529483843432
2023-06-30,0.20109982289090442,0.18648538346402954,0.21077739798170853,0.21370313769223356
2023-07-03,0.20158845307767065,0.3115769888146081,0.292062887807813,0.26908852922028753
2023-07-05,0.33533010132977054,0.5216622314532355,0.48823284150053814,0.45230001711146645
2023-07-06,0.2122138390854813,0.30959336759495215,0.2911748775951914,0.2727224808009832
2023-07-07,0.18954010627850454,0.33807025928788764,0.3043148869262546,0.2779832464975582
2023-07-10,0.1708555908157444,0.21782230212381942,0.2275074445982918,0.22034457186369266
2023-07-11,0.20806016053561366,0.2426458064122762,0.26347162204681507,0.2555018281733411
2023-07-12,-0.06767459502122394,-0.05099030654998506,-0.060002499358400574,-0.05778208427319411
2023-07-13,0.030934428539786882,0.04654766444580644,0.04448658499839376,0.04397710908601929
2023-07-14,0.08657120602885109,-0.011518967175486939,0.0296208090947427,0.048493994268642156
2023-07-17,-0.02639255024281593,-0.12693925036042256,-0.09865843316156929,-0.07582208795293757
2023-07-18,-0.05959247645912719,-0.09356633676856688,-0.08779840475787429,-0.08089957341555626
2023-07-19,0.10999593588836346,0.054299305117115206,0.08667524272978124,0.09160957927427714
2023-07-20,0.28634542273663766,0.22678205663064555,0.27725201805928834,0.2821357343015999
2023-07-21,0.2607652679972917,0.3462949826597657,0.33910071182511625,0.3240771688802702
2023-07-24,0.1872479668918158,0.3189028599750999,0.28525964450422703,0.263181237965427
2023-07-25,0.06749997436674066,0.08064299777157569,0.08560591443437143,0.08255397487564685
2023-07-26,0.05719026534100556,0.1508380684891362,0.12240394307250424,0.10612846187584943
2023-07-27,-0.018421900842679674,0.050162263906016746,0.023842331338029623,0.013838357613914179
2023-07-28,-0.0934332595973034,-0.06072269393487022,-0.07989651296221546,-0.08133591382114781
2023-07-31,-0.10948283982279806,-0.0589915839120746,-0.09477224541464534,-0.10121855276330514
2023-08-01,-0.08477228591661352,-0.0752543609654014,-0.08700008501648698,-0.08720436008032555
2023-08-02,-0.13267359227393585,-0.16051391437579535,-0.16728686346261518,-0.16007796534829702
2023-08-03,-0.21253883257664577,-0.25534074436845905,-0.26383239119865914,-0.2539751706721266
2023-08-04,-0.20032103748673466,-0.1462209227997506,-0.19800923071410048,-0.2074332603637465
2023-08-07,-0.2214740759961813,-0.17102114151182757,-0.22311003002891894,-0.23163418438293495
2023-08-08,-0.2935115744290686,-0.209579765985945,-0.28529531445255324,-0.298644358821551
2023-08-09,-0.29986632545965086,-0.2650768737547474,-0.3233288074791783,-0.33048692939651597
2023-08-10,-0.19542167280333,-0.1592242605191265,-0.206612532128282,-0.21301012330090022
2023-08-11,-0.15697949613480497,-0.13647082888336864,-0.16792895373072736,-0.17570850321872583
2023-08-14,-0.08818482336620134,-0.06592497472432286,-0.08993406772367588,-0.09426353070189299
2023-08-15,0.1454322005844365,0.07908487090677005,0.13028218072445108,0.13799433944822403
2023-08-16,0.02811234659208752,0.07206975971174064,0.06371553971947069,0.05590148909094843
2023-08-17,0.07392461615316201,0.04318825956717824,0.0681048249547172,0.07024492999050018
2023-08-18,0.028713644441401016,0.03142806314210431,0.037332662511119996,0.03768269811269375
2023-08-21,0.22994072131643495,0.21127749417515596,0.25246675653797446,0.2568138119236882
2023-08-22,0.1650641508793138,0.12858505206667803,0.16941654481095178,0.17773238103430908
2023-08-23,0.29745807346478614,0.10365290726895363,0.22423505203486624,0.26359477155196026
2023-08-24,0.3554186294631553,0.16400780046850014,0.29774343101743106,0.34185297513330226
2023-08-25,0.35046573300222467,0.20864276568501922,0.31968883071868015,0.3440023326665762
2023-08-28,0.10634653168580838,0.04741931550200519,0.09645598632343366,0.11201067598159829
2023-08-29,-0.057896803611251935,-0.13385572476894603,-0.10196490097830199,-0.08177638656966235
2023-08-30,-0.0738680047947322,-0.07538918752003713,-0.07051843056454703,-0.06886401497941706
2023-08-31,-0.12383074382159405,-0.08853492410966286,-0.11085110908270653,-0.1146293203994249
2023-09-01,-0.1396326995982873,0.02191900179178689,-0.05980704049980726,-0.10134777383755121
2023-09-05,-0.2183030287362329,-0.010594259594713934,-0.12413000332377856,-0.18020911392106304
2023-09-06,-0.022062602788080535,0.1458248021855473,0.07795936861623755,0.03582787044849744
2023-09-07,-0.06924259815977958,0.11969775643105947,0.0302363813504244,-0.018399055132358177
2023-09-08,-0.17221763093240422,-0.035279713471444506,-0.12696879424386853,-0.158229435262602
2023-09-11,-0.22222859058895944,-0.13949228115516166,-0.21000166492651784,-0.22400394547146024
2023-09-12,-0.218430624492808,-0.11582102586191637,-0.20089537298191731,-0.2172219042505276
2023-09-13,-0.32420276736442716,-0.34504947574007094,-0.3775507015499204,-0.36653341358021047
2023-09-14,-0.29945735239726856,-0.3572447392074834,-0.3691042033374261,-0.3499758079267393
2023-09-15,-0.1819268085152221,-0.21092173765958408,-0.21570888685524628,-0.20688982379123225
2023-09-18,-0.23008627142132967,-0.23176537229240546,-0.25138227461416573,-0.25087789690243123
2023-09-19,0.006030648957339564,-0.0404952687778676,-0.009301265548299792,0.0010375055808949493
2023-09-20,0.2294614028167139,0.22736005475669266,0.2654269799845772,0.26518642647674906
2023-09-21,0.41995842342646894,0.4759594713933651,0.4989969996161035,0.4858281654737811
2023-09-22,0.3366784832068676,0.310242097747777,0.36028814554922345,0.3583272853150182
2023-09-25,0.15277574797483676,0.14566824568299946,0.17368874291906702,0.1700686073938403
2023-09-26,0.014667089694425463,0.08259154142843375,0.0649448786808848,0.04876905617478085
2023-09-27,-0.20237351609514365,-0.034172828618161295,-0.13072879695001524,-0.15717442871241208
2023-09-28,-0.23735022410462575,-0.13463169374584988,-0.20155633231897946,-0.21685563569234662
2023-09-29,-0.2700856943847882,-0.18952955268266491,-0.24573963134077112,-0.25810916328862715
2023-10-02,-0.027604957139785086,0.08950964067665136,0.04234858093288527,0.023718263238233495
2023-10-03,0.08434826285361233,0.11782451412712576,0.11997382173940592,0.11215309736381757
2023-10-04,-0.005481979222389879,0.014815183366033746,0.011343036232333658,0.006605509465655183
2023-10-05,-0.14999938982003985,-0.2230823729786414,-0.20208027296320186,-0.18994945186079557
2023-10-06,-0.06818275767393611,-0.18281990817817906,-0.13740324859742828,-0.11820270632735394
2023-10-09,-0.13504337421222995,-0.22478145202345046,-0.19495956205144935,-0.17965488226678375
2023-10-10,-0.2545745534090725,-0.3082917442470603,-0.310951501568679,-0.30240957990461226
2023-10-11,-0.155965887932494,-0.13762496612068859,-0.16013509364123715,-0.1610350052372877
2023-10-12,-0.07130499257611055,-0.07744724461829385,-0.08052354765554338,-0.0824218553260355
2023-10-13,-0.1464896943968862,-0.24222012995188386,-0.21201764289321268,-0.20056845151749986
2023-10-16,-0.11516321593869126,-0.303220899434696,-0.2337782144134508,-0.2090326647017746
2023-10-17,-0.15615552382992512,-0.35488377212360833,-0.27727933013875633,-0.2647936785110195
2023-10-18,-0.0696216208139908,-0.19730254828621946,-0.14633055957745894,-0.1362946431015162
2023-10-19,-0.05598384363551574,-0.09926347826562953,-0.08376274088705171,-0.08123928178476221
2023-10-20,-0.053986936029186146,-0.09692785551239813,-0.08137056877833297,-0.07937187837479599
2023-10-23,-0.05320934679548661,-0.09340702199985768,-0.078179550704835,-0.07676529444838483
2023-10-24,-0.021728913198820192,0.005717994464014816,-0.006947203831476772,-0.009048852213769705
2023-10-25,0.07242104105828195,0.1150675456515704,0.09691638675905027,0.09528909013958145
2023-10-26,0.256200821496719,0.2794416127546468,0.28405943541587375,0.2825635312066726
2023-10-27,0.22115682521226354,0.20944174569375054,0.22798753039148512,0.22816074449026064
2023-10-30,0.21140067805740817,0.20951271171529762,0.22262700294584553,0.22203596628351532
2023-10-31,0.22528494255353895,0.21561803780318914,0.23491571796756772,0.23502206398124464
2023-11-01,-0.026395643302784048,-0.014894164833540693,-0.019597801290751792,-0.01991281149782488
2023-11-02,-0.17654159757813837,-0.19282425997883923,-0.1953083118537833,-0.1955946718007227
2023-11-03,-0.14074522578228255,-0.11286940453447462,-0.13668623064865487,-0.1373994061532037
2023-11-06,0.14112869295685232,0.14380071724556434,0.15464666191049004,0.15363478969424788
2023-11-07,0.2778205983785296,0.33815133318371166,0.3283526700600651,0.32366732458489766
2023-11-08,0.17907690003712087,0.17427407429419112,0.1840692995089944,0.18482513815891854
2023-11-09,0.3291874134355102,0.3165361191634846,0.34187005354198896,0.3425171119996309
2023-11-10,0.3738267042749293,0.35685596282709864,0.3841832774970819,0.38525165763332425
2023-11-13,-0.09039347032469143,-0.1040995291609744,-0.10664479293725643,-0.10544866556509676
2023-11-14,-0.23336302727963876,-0.2459885625451113,-0.2654583687933389,-0.26377552137543486
2023-11-15,0.056906580780822995,0.12281940770155328,0.10044500689496513,0.0962722506824859
2023-11-16,-0.10235965955420938,-0.07288513435842416,-0.09408565711281935,-0.09576600684558184
2023-11-17,-0.041323573882057665,-0.07460190603394952,-0.05988353490791112,-0.05763721465989876
2023-11-20,0.1905684435832718,0.17714516793727778,0.19699645071548927,0.19719306902432865
2023-11-21,0.07052704453749892,0.09983717890682452,0.09324230445198756,0.09080914664132786
2023-11-22,0.2322415829795105,0.2052437047469426,0.23160639284404555,0.23440262640749276
2023-11-24,0.3122492320304402,0.2322818567057221,0.2918902880078482,0.29698693521408276
2023-11-27,0.20766139352426163,0.10382749528231126,0.16871107219390866,0.17419372859274113
2023-11-28,0.19363467054308156,0.04474017098511914,0.1261003634011726,0.13639172152930487
2023-11-29,0.22235716505877764,0.05149601456386981,0.14626416738768633,0.15669972028048587
2023-11-30,0.09166897222870544,0.025145432083988395,0.06196190872086459,0.06624355700476563
2023-12-01,-0.0307672615817918,-0.01220019299629882,-0.021348640777138706,-0.02215224889953792
2023-12-04,0.020446800913869356,-0.013807680908615314,0.004248827855420127,0.006377362503821999
2023-12-05,0.2015432424781913,0.16904037907976424,0.20100367701803254,0.20231396149927158
2023-12-06,0.32320974177543343,0.28049261366879863,0.32636035267134195,0.3300139937956538
2023-12-07,0.23382880876092235,0.147658394987101,0.21035516923351394,0.21439685528640165
2023-12-08,0.2652186103060307,0.1260617656641141,0.21112874837481585,0.2202938990622622
2023-12-11,0.3888971824273145,0.268576871254734,0.3558021013688018,0.3636077053068508
2023-12-12,0.28340703344838775,0.24428762626282374,0.2832718200068926,0.2870502259573766
2023-12-13,0.09664201650872525,0.1960293679104693,0.1570278827975539,0.15035496085615332
2023-12-14,0.12437121517520562,0.16481135159186758,0.15997473564832743,0.15649278492564403
2023-12-15,0.09964533465120898,0.08482003771609542,0.10143529363204754,0.10216634294120594
2023-12-18,-0.04145066044799043,-0.011580072309104615,-0.027935294322090593,-0.03012156011482435
2023-12-19,0.06115664393790946,0.10320492719238086,0.08941779010479316,0.08637288167403176
2023-12-20,-0.14817242635683506,-0.12170550806064305,-0.14735497355365407,-0.14906462064909431
2023-12-21,0.08542739552526375,0.04002630239266927,0.07107539191341826,0.0747745313701095
2023-12-22,-0.04055055984674235,-0.0183664169236171,-0.028743078697585155,-0.02995401480003222
2023-12-26,-0.007798905607598856,-0.057042904242683753,-0.02943666926079691,-0.02538912305831924
2023-12-27,0.021919606355414747,-0.015668926110100165,0.00990935590800833,0.011595515573034006
2023-12-28,0.10811528323592604,0.008175168383014762,0.07164151340716934,0.07789263759783732
2023-12-29,-0.10243081502924856,-0.14160370305783399,-0.1283212044930875,-0.12519706267140346
2024-01-02,0.0693066795702682,0.12187348732894843,0.10675002287351211,0.10175051474802957
2024-01-03,0.07433044006676519,0.2050554395162268,0.16024458664927307,0.15276276782341933
2024-01-04,-0.10442667579073198,0.03082808940702122,-0.035418600477530045,-0.04272252246475354
2024-01-05,-0.21733168603546466,-0.04983163653510648,-0.14435614214845466,-0.15316060764118328
2024-01-08,-0.2557848381859142,-0.08077135568951994,-0.17896670995353264,-0.18984681505277293
2024-01-09,-0.2549121347238153,-0.1468544066575903,-0.21738819548959795,-0.2236529358819063
2024-01-10,-0.26574287980595984,-0.18282528439193263,-0.24004770956855428,-0.24518486746362356
2024-01-11,-0.16669960741594386,-0.07982470414756088,-0.1306031763364856,-0.13488084880446816
2024-01-12,-0.025858542056152668,0.04278263830945252,0.006572820663460251,0.0014610593995375283
2024-01-16,0.024447988443129336,0.041055407454442944,0.03343945503505324,0.03359273401778725
2024-01-17,0.10353312707115962,0.15267342492576916,0.14107709673281194,0.13723841298861963
2024-01-18,0.14640857322469028,0.1774402731976781,0.17332855468706393,0.17005237800686748
2024-01-19,0.10334424856568278,0.11963277918580273,0.11869309867151748,0.11885420568494527
2024-01-22,-0.0690964651767191,-0.01945338959524735,-0.04715649479984257,-0.05006848318828634
2024-01-23,-0.04297683258458433,-0.011135702673092577,-0.030162694674770712,-0.031170309849770993
2024-01-24,-0.07005732837941558,-0.03619012950614687,-0.05645047242697035,-0.058310512120527284
2024-01-25,-0.17848651583002184,-0.15838951313790242,-0.18148031952972285,-0.18209441256947045
2024-01-26,-0.31766993097889434,-0.3089062943537635,-0.33704806761840567,-0.3374456806912208
2024-01-29,-0.12478255425141456,-0.12498553309753585,-0.13278457094672605,-0.13352755475722583
2024-01-30,-0.14762177686400077,-0.1597367923045463,-0.16458519678539635,-0.16412368497811589
2024-01-31,-0.08621934561786372,-0.08855406046852432,-0.09223459825645874,-0.09286246042129184
2024-02-01,-0.02501189597252248,0.0008816990555849673,-0.009919809771754946,-0.009954890634127345
2024-02-02,0.22352938438399172,0.206131268762986,0.23309159627953574,0.23551296117161577
2024-02-05,-0.04525819351345242,-0.07002997556926227,-0.05863690115878407,-0.05807220064636267
2024-02-06,0.03609002757646587,-0.004152685252596027,0.02067084210169389,0.02233073919615634
2024-02-07,0.12132412218165496,0.1135661618369369,0.12348438143488075,0.1241712810872229
2024-02-08,0.11894869361277136,0.09517042011102761,0.11482758153020106,0.11603472369389285
2024-02-09,-0.05797229274163644,-0.07143775986662299,-0.06781601344553477,-0.06616046844612174
2024-02-12,0.12527500296134875,0.06506401408841701,0.10319545775720303,0.1072098154414243
2024-02-13,-0.07393333926408488,-0.14215686657840554,-0.12182716232823647,-0.11706324225962068
2024-02-14,-0.2035754718142698,-0.18456981688029458,-0.21486836053177163,-0.21560484164215765
2024-02-15,-0.25185571465446915,-0.21842864595547015,-0.2501049951804678,-0.25338567094225706
2024-02-16,-0.16822572212467393,-0.10147857608144006,-0.1469217485451776,-0.15300919391201465
2024-02-20,-0.16746159142767097,-0.038135830138233205,-0.10975786182007849,-0.1169855315335464
2024-02-21,0.07487420671153237,0.13538626178432486,0.12031834771264774,0.11610319994449797
2024-02-22,0.11089836989188702,0.1130564506612267,0.12076005207419864,0.12062743055269609
2024-02-23,0.1930721103276217,0.1548681908786571,0.19257667065224315,0.196171392912469
2024-02-26,0.11599798216837975,0.10787509745609294,0.1256710075428569,0.1260173751408568
2024-02-27,0.15538467870673991,0.0795433307188643,0.1342383568194076,0.1376954889070138
2024-02-28,0.132862624331185,0.06700658674159218,0.11134589177897378,0.11645406836667108
2024-02-29,0.178550874984245,0.13931314275079157,0.17924120658725573,0.1817806371849441
2024-03-01,0.1933102968694321,0.26412790774964595,0.2513579661504988,0.24804823890877328
2024-03-04,0.07681795739690037,0.14364832602298594,0.12111550910818664,0.11670244944208587
2024-03-05,0.08090572751427366,0.1932009859389528,0.15003500165881026,0.14204689856980984
2024-03-06,-0.062405047387566574,-0.046903751671116684,-0.06691563788590384,-0.06674774811783031
2024-03-07,-0.09221247938883653,-0.10247434861794162,-0.11240831493479606,-0.11253930501000563
2024-03-08,-0.1991295051005108,-0.1959582993491458,-0.22972632467975423,-0.23019725426011178
2024-03-11,-0.15054635615901038,-0.22709654741507732,-0.21454304502105137,-0.20952092265993943
2024-03-12,-0.07782931656216611,-0.09237669134546588,-0.09476714729058565,-0.09298488804225996
2024-03-13,0.06142338982507095,0.0525330424573329,0.06831043542966135,0.06872962109321537
2024-03-14,0.028982645909509063,-0.03078947841733651,0.005051888847502843,0.008542803654417761
2024-03-15,0.049377733879664355,0.002819872988416312,0.03123574766806379,0.032737622782947194
2024-03-18,-0.02356143552035768,0.05300145216420951,0.016314584029662616,0.0118179930730907
2024-03-19,0.07780635586718648,0.13996757458861211,0.12625939164466538,0.12213926778705658
2024-03-20,0.11326283680818,0.13358354730357178,0.13689676210472268,0.13683467392956625
2024-03-21,0.12278898531246397,0.1357142574332991,0.13948621808369013,0.13853612387160993
2024-03-22,-0.06864421933340434,-0.014889685798107087,-0.049323995533421976,-0.05297055044369119
2024-03-25,-0.018155179130146054,-0.05165830456092909,-0.04203241272621496,-0.03887572735833112
2024-03-26,-0.1368392477159622,-0.18336395385655038,-0.17702179373256846,-0.1734247458611774
2024-03-27,-0.2395463586250128,-0.22589879159516638,-0.25045200652431865,-0.2515956943827775
2024-03-28,-0.168428443339833,-0.10608326906306881,-0.15050950005742722,-0.15569012944333369
2024-04-01,0.1381144508888436,0.15938012934564055,0.16254144072059612,0.15992742754796851
2024-04-02,-0.08475234631058591,-0.09199111996447985,-0.10177244054438887,-0.10138466153864616
2024-04-03,0.0029227673709737814,-0.012236112944451778,-0.010022504927842135,-0.010193032772131088
2024-04-04,-0.013768681182637452,-0.08628668114672458,-0.05795965581989279,-0.0536999267997072
2024-04-05,-0.21094688351372792,-0.287376189504758,-0.2729299298397571,-0.2675688142752571
2024-04-08,-0.3235047020219452,-0.40106349225396903,-0.4000748132037804,-0.39505079620318484
2024-04-09,-0.18458788509566848,-0.26525155700622804,-0.255357481730502,-0.2506733226932908
2024-04-10,-0.1697753367126012,-0.24157152628610515,-0.23099935326869928,-0.22574029496117984
2024-04-11,-0.08524660615002329,-0.1335307741230965,-0.12739232735891579,-0.12396807987231949
2024-04-12,-0.02277249646064902,-0.026790251161004645,-0.0366233378678802,-0.03796114384457538
2024-04-15,0.035985766917189084,-0.0024224736898947595,0.013846010325396382,0.01585503942015768
2024-04-16,0.11665788572489365,0.09802777046374839,0.11503049444085285,0.11481579001873908
2024-04-17,-0.006598667242469986,-0.010170569658653369,-0.012314909633217795,-0.012398642784840904
2024-04-18,0.12086480046649731,0.17967596795276558,0.16604096726299122,0.16244111335880107
2024-04-19,0.14243529636255445,0.2583821535286141,0.21808325007512372,0.21041719366877468
2024-04-22,0.012181862315532472,0.01747807033175502,0.011220755694429372,0.011268285343580226
2024-04-23,-0.0039176802952465,-0.026596283023442895,-0.020065388379283396,-0.01747187830683831
2024-04-24,0.16003390496760053,0.09028903315613263,0.13376184445428368,0.1369060516242065
2024-04-25,0.17049379036307868,0.048552866211464846,0.1150163277721112,0.1230873723494894
2024-04-26,0.1476955501933333,0.08556543026172105,0.12698374907741417,0.1301571286285145
2024-04-29,0.18809758836997928,0.11926982107928431,0.16768527225695978,0.1706131304525218
2024-04-30,0.1412360608161337,0.08353329413317653,0.12288235142929989,0.126311737246949
2024-05-01,-0.00806378727543439,-0.012860019440077761,-0.009628177835455134,-0.009115812463249853
2024-05-02,-0.08930392726481001,-0.11461553046212185,-0.10974568238272582,-0.10718058872235489
2024-05-03,-0.09132943628260354,-0.11269888279553118,-0.11205382826223771,-0.1105060420241681
2024-05-06,0.0570630265295876,0.034710619675533586,0.04902456151707105,0.05109850962040273
2024-05-07,0.11491395713885201,0.0894875259501038,0.11265830097268374,0.11422240888963556
2024-05-08,0.038570762200315696,0.04647974907413741,0.044665596628645415,0.04382087380050618
2024-05-09,0.052364515866557486,0.060945843783375135,0.06029484707516043,0.06068798675194701
2024-05-10,0.03393684753839546,0.036280273991822556,0.03637300863148204,0.03672038776284037
2024-05-13,-0.09038383905341629,-0.14203199553675008,-0.1257022497192124,-0.12236228438583241
2024-05-14,-0.11373379539149775,-0.18591612412648356,-0.17115597108864855,-0.16532600927186136
2024-05-15,-0.16668267572681494,-0.18689508358033433,-0.18870441190763573,-0.18817284869139478
2024-05-16,-0.028649812913111857,-0.11155081420325681,-0.07785440939657637,-0.07170527882111528
2024-05-17,-0.06443803950192503,-0.10148795795183181,-0.08972103916970266,-0.08649490597962392
2024-05-20,-0.0011391661892655308,-0.12622648890595561,-0.06853877659021464,-0.061637142548570195
2024-05-21,0.007769417378806676,-0.014521690086760347,-0.002970495945625016,-0.0024231456925827705
2024-05-22,0.06097721474720101,0.1615436861747447,0.12308075423702888,0.1166192504770019
2024-05-23,0.06772532927023739,0.11664296257185029,0.09884762396525623,0.09561043044172177
2024-05-24,-0.05566227954202746,-0.05060991565430061,-0.06089725051188613,-0.06116040610947421
2024-05-28,-0.0798853244602001,-0.06093672374689499,-0.08443099093582919,-0.08455512222048889
2024-05-29,-0.08952780550662452,-0.11065378661514647,-0.11640257227811138,-0.11500462001848008
2024-05-30,-0.10858584970498489,-0.1334437977751911,-0.1360968748998001,-0.13406386425545702
2024-05-31,-0.05956234941158547,-0.020956115824463297,-0.045548112129683994,-0.04735343741374966
2024-06-03,0.010573902666405288,0.07209628838515354,0.04571116679516958,0.0420935763743055
2024-06-04,0.042982722064888526,0.1264824259297037,0.09246482300873303,0.08680844323377293
2024-06-05,-0.04323679255668999,0.0012692210768843076,-0.0221917185925642,-0.02488685154740619
2024-06-06,-0.04468376958104616,-0.05783034332137329,-0.053154848578097325,-0.05293864375457502
2024-06-07,-0.08911991220141065,-0.0332998451993808,-0.06265224332461267,-0.06680052320209282
2024-06-10,-0.13356543043501665,-0.07657941031764127,-0.1102652931360508,-0.113500198000792
2024-06-11,-0.21415610010311076,-0.21764736658946635,-0.22966692724416157,-0.22875912303649215
2024-06-12,-0.09633666042364443,-0.09017469669878679,-0.10023303164541164,-0.09989483157932631
2024-06-13,-0.014958013264895664,0.00965384893231975,-0.0042822001173539025,-0.0043434424161959695
2024-06-14,0.005819190241009368,0.024766563066252266,0.013600490639507686,0.0128812355249421
2024-06-17,0.11694946090525014,0.0894252217008868,0.10859561809099433,0.10904866019464078
2024-06-18,0.13711034861624333,0.19668598962581443,0.1791404914225448,0.17547124673022743
2024-06-20,0.052847311298699365,0.14360121785130067,0.10622319816326264,0.10134693582006978
2024-06-21,0.023854480171058557,0.09974151896607586,0.06604008740850208,0.06189317557270229
2024-06-24,0.04667461074357825,0.0888190752763011,0.07326031132742013,0.07262016248064992
2024-06-25,0.03952778958149941,0.10390736212322522,0.07656260590073752,0.07235237114594152
2024-06-26,-0.09331521102236597,-0.06367748823821269,-0.08430648695439451,-0.08666108472420496
2024-06-27,-0.09642079092307529,0.02696074784299137,-0.039013856407761935,-0.04698815595262381
2024-06-28,-0.033228235650250085,0.083481551929765,0.027712396095068006,0.020090288843322313
2024-07-01,0.030177150560825955,0.13273680613290792,0.08528092364783806,0.07986363337126072
2024-07-02,0.15874517443906358,0.17239249756999028,0.17706426972530193,0.1764567698270793
2024-07-03,0.23005696899568898,0.22402179208716835,0.24393703785372206,0.24431166524666098
2024-07-05,0.1321938301261877,0.10996987987951952,0.1335775042207103,0.13331544526178105
2024-07-08,0.24922152321331784,0.19098652394609578,0.2379035719696684,0.23992195168780675
2024-07-09,0.21361937862046748,0.07059397837591351,0.1569432236710883,0.16449838599354397
2024-07-10,0.015039737785129225,-0.11396503186012744,-0.05034126889414078,-0.04157901431605726
2024-07-11,-0.06688041614941775,-0.24882569930279722,-0.1723491574432095,-0.16083270733082933
2024-07-12,-0.043215301894501325,-0.17510815643262573,-0.11691682492378284,-0.10989979959919839
2024-07-15,-0.12727890539910694,-0.1299360522180705,-0.1373675213889498,-0.1374521150038637
2024-07-16,-0.03290172326792307,-0.011228445183263422,-0.021523843540010874,-0.022020088608836568
2024-07-17,-0.025778267847530387,-0.17705524047028773,-0.10282874645269374,-0.09569817708946464
2024-07-18,-0.04004091490342343,-0.1640053280213121,-0.10287171518160189,-0.09602956811827247
2024-07-19,-0.09241662673356098,-0.24684117936471747,-0.1763180392324673,-0.1669006996027984
2024-07-22,-0.1004851610350114,-0.2367873471493886,-0.17758825572118092,-0.16861046644186578
2024-07-23,0.02048455625074145,-0.07200864003456015,-0.027433444579563347,-0.020453937815751264
2024-07-24,-0.15501598476963088,-0.15195804783219133,-0.16414968461204482,-0.16454657818631274
2024-07-25,-0.2734132222494252,-0.33413461653846616,-0.32461019829850374,-0.3204866259465038
2024-07-26,-0.28018603119242774,-0.29721766887067547,-0.31017981837747804,-0.30873963495853984
2024-07-29,-0.2155316727088047,-0.1854440377761511,-0.21514550690128237,-0.21667766671066685
2024-07-30,-0.3391398211031306,-0.3590253081012324,-0.369952183086657,-0.36803004812019247
2024-07-31,-0.1262263219797393,-0.0954564458257833,-0.1199358918159795,-0.12098333193332773
2024-08-01,0.11296556499482174,0.18785614342457368,0.16518314313046345,0.16087446749787
2024-08-02,0.15566365656906192,0.2282949611798447,0.20105459443593426,0.19715320461281846
2024-08-05,0.23988987165747808,0.3210898923595694,0.2975651776222839,0.2926198264793059
2024-08-06,0.2782512992586632,0.36159802239208955,0.33875478526487846,0.33368360673442693
2024-08-07,0.32384704036287293,0.3691734695540416,0.3675210503917691,0.3644257704493004
2024-08-08,0.2866780344759768,0.3485288181152725,0.33742508653932024,0.3329309637238549
2024-08-09,0.38536892585578614,0.41535804543218174,0.4268937232841557,0.42535898143592576
2024-08-12,0.153376483038091,0.16394724778899117,0.16723084155986193,0.16626124104496418
2024-08-13,0.33828614122522943,0.40571125484501935,0.3990012874153283,0.39522042888171555
2024-08-14,-0.07078557222513908,-0.12344007776031105,-0.10631918127312842,-0.10265061860247442
2024-08-15,0.2053399104586891,0.1930384361537446,0.21537739762449548,0.21576671906687628
2024-08-16,0.053367844337993804,0.015511070044280177,0.038269968574502246,0.04144826179304717
2024-08-19,0.11029275017408263,0.0861432565730263,0.10781852253287436,0.11001183204732819
2024-08-20,-0.13229874306331435,-0.15005752823011292,-0.1499361956378028,-0.14882968331873328
2024-08-21,0.07495009490641676,0.04670418681674727,0.0638557987779876,0.0654065016260065
2024-08-22,-0.2224284065768298,-0.22304086016344066,-0.23915671439578357,-0.23912841251365005
2024-08-23,-0.3756946904736296,-0.3770267811557675,-0.4091095092035996,-0.40852954792290097
2024-08-26,-0.38891771856359253,-0.33914497257989035,-0.395140529431988,-0.39705710822843293
2024-08-27,-0.3057258380768566,-0.30349186996747984,-0.32967010391133056,-0.33057165828663315
2024-08-28,-0.34888136188188995,-0.2888681314725259,-0.34189180532968627,-0.344937251749007
2024-08-29,-0.32341117091627747,-0.2874307177228709,-0.3269585906775903,-0.32982064728258914
2024-08-30,-0.19209218821650675,-0.06981829527318109,-0.14416874621753012,-0.1504013056052224
2024-09-03,0.05130042540274245,0.14688269953079813,0.10634995199144662,0.09965233460933844
2024-09-04,0.03938950027710625,0.11522446089784359,0.08455239167249758,0.07982854331417326
2024-09-05,0.19728616364588544,0.29709670838683355,0.26921596300082,0.26330274921099683
2024-09-06,0.20651965581852974,0.23147410989643957,0.24233816923927148,0.23948313393253573
2024-09-09,0.44026692327122985,0.3970246600986404,0.45468877249602696,0.4575392701570806
2024-09-10,0.40579803667526543,0.31837970551882205,0.39521205213275484,0.39988518354073416
2024-09-11,0.48610292619502543,0.35494605978423915,0.4592662473864563,0.46670269881079524
2024-09-12,0.30119950105577786,0.16193315973263894,0.25331096074035875,0.2616419425677703
2024-09-13,0.27335018665625554,0.19624177696710787,0.2589303463670155,0.26493350773403096
2024-09-16,0.17989584882813753,0.17982743930975723,0.1973042039528481,0.19686385945543783
2024-09-17,-0.03523405993103408,0.060665522662090646,0.014603075295962688,0.008190752763011053
2024-09-18,-0.002490685590143296,0.165813399253597,0.08691867666558879,0.07680683522734091
2024-09-19,0.12271359985150487,0.2095298621194485,0.18600822863553185,0.17861975447901793
2024-09-20,0.05853993126961901,0.1304429217716871,0.10898491318419176,0.10390889563558255
2024-09-23,-0.10103314963975009,-0.1202059208236833,-0.12169208600507403,-0.12071395485581943
2024-09-24,0.051521844160895384,-0.09618187503586517,-0.022928769134856534,-0.014471242232278747
2024-09-25,-0.1772920675479474,-0.2266290882727466,-0.21930280395432986,-0.21542843439486828
2024-09-26,-0.07859174094264457,-0.11894063576254305,-0.10473377067013744,-0.10270361081444326
2024-09-27,-0.0027706566799467315,-0.06304767619070477,-0.03488668243446244,-0.03109068436273745
2024-09-30,0.056705936501311456,0.11454525818103273,0.09313273770143439,0.09068205872823491
2024-10-01,0.14537278261467873,0.15743928575714303,0.1630698207400655,0.16323809295237182
2024-10-02,0.1260251422773235,0.20438717445399007,0.17920230647106436,0.1742598532216494
2024-10-03,0.025261158902621792,0.07438148152592611,0.05959433018135692,0.05584207936831748
2024-10-04,-0.011177700178361533,0.05895076380305521,0.03042707095104144,0.02438323353293413
2024-10-07,-0.014217748845861774,-0.027946959787839152,-0.014903649791246554,-0.013056436225744903
2024-10-08,-0.035390331963835696,0.02391753567014268,-0.0032549454725503426,-0.005561974247896992
2024-10-09,-0.10055998169739193,-0.054276697106788424,-0.08299746361910489,-0.08512709250837003
2024-10-10,-0.06435281237140798,-0.00899542819760307,-0.03690308429551551,-0.038641883494939196
2024-10-11,-0.11723458935691376,-0.10182194328777315,-0.11909130786420846,-0.12034800139200556
2024-10-14,-0.10803651116537596,-0.1089410542225586,-0.11798143431376872,-0.11807251562502455
2024-10-15,-0.1095622717308993,-0.14796001584006335,-0.1382476970265889,-0.13457209028836115
2024-10-16,-0.004505510240027372,-0.052892900841033,-0.03131311659793225,-0.027990256632792702
2024-10-17,0.07814493547992626,0.0970564842259369,0.09310232341457225,0.09100855603422414
2024-10-18,0.08498415940099238,0.18151675806703227,0.14564070972558588,0.1384864099456398
2024-10-21,0.062336035971669736,0.18241551366205463,0.13228226818869027,0.125563894255577
2024-10-22,0.101995106710602,0.12007872031488126,0.11787135556246339,0.11702226008904036
2024-10-23,-0.006033376674207029,0.02320761283045132,0.012964342214890434,0.011532718130872524
2024-10-24,-0.016845156397790727,0.006009528038112152,-0.006854057234022249,-0.006982971931887728
2024-10-25,0.01705925355244369,-0.00841808167232669,0.0009860697428718229,0.0024973539894159575
2024-10-28,0.06192718527677211,0.0759686558746235,0.07284797504799823,0.07197033588134352
2024-10-29,-0.042995135358060675,-0.04651199404797619,-0.049051561663307146,-0.05045357781431126
2024-10-30,-0.019467583613163073,-0.037798903195612785,-0.03151524193021502,-0.03004130416521666
2024-10-31,-0.08008382339739667,-0.09330027720110881,-0.09147837842441087,-0.09111550046200184
2024-11-01,-0.14932419010659992,-0.15064169056676227,-0.15961076394404922,-0.15814728858915436
2024-11-04,-0.23872187587469504,-0.19627105708422835,-0.23639010718851375,-0.23853772215088861
2024-11-05,-0.25579391948780944,-0.22203727747800464,-0.25985549903341315,-0.26211374274570093
2024-11-06,-0.23220501884291977,-0.22798939195756784,-0.24773770607338683,-0.24882992331969328
2024-11-07,-0.17845992036741182,-0.17110543684787013,-0.18985057991571652,-0.1886372206580567
2024-11-08,-0.13913497360852312,-0.13718282073128293,-0.14876830972931465,-0.14813300853203412
2024-11-11,-0.019629070637928476,-0.08641503366013464,-0.05392766030666876,-0.050987723950895805
2024-11-12,0.05527028235645289,-0.027275821757906764,0.018977577970817776,0.023886576119582312
2024-11-13,0.00014254713230901176,-0.024489697958791835,-0.011088061383520899,-0.008519746078984316
2024-11-14,0.09939080292500815,0.09832157728630915,0.10323248406240354,0.1045243540974164
2024-11-15,0.28032823182026895,0.27597316789267157,0.29413465467813743,0.29457708230832924
2024-11-18,0.1792750362149268,0.21834029736118946,0.21088148237897195,0.20939459757839032
2024-11-19,0.1374318441358163,0.15009036036144144,0.15178302069896693,0.14966584666338664
2024-11-20,0.1520856099300704,0.20775500702002808,0.18963125090114294,0.18527901311605247
2024-11-21,0.29220889767566127,0.30975963903855613,0.3232638094553608,0.32181066324265295
2024-11-22,0.11053681153955222,0.09326302905211621,0.1113705577811876,0.11246492985971944
2024-11-25,0.18241831051122884,0.21185518342073367,0.2110155900537918,0.20912157248628996
2024-11-26,0.05636770906541056,0.0962811851247405,0.08387796664924381,0.08234240936963748
2024-11-27,0.05068684343236072,0.10492304369217477,0.08634108747903838,0.08368401473605895
2024-11-29,0.10656492891495731,0.15999851583402777,0.1465026641353274,0.14416061210230316
2024-12-02,-0.0660554179358681,0.005833175332701331,-0.03853916040366185,-0.042304681218724875
2024-12-03,0.018911077425786703,0.028015312061248247,0.024953707341533102,0.02288293953175813
2024-12-04,0.05928356103314412,0.07722021288085153,0.07086439879417716,0.06924238896955588
2024-12-05,0.07970604417876344,0.069187476749907,0.07866165246194569,0.07919436477745911
2024-12-06,-0.21416234523367705,-0.16902768411073643,-0.2145311241982925,-0.21684480337921352
2024-12-09,-0.11486120009410908,-0.1575685022740091,-0.15078182825330202,-0.14799822399289597
2024-12-10,-0.15687169577364918,-0.2868940755763023,-0.2467927179369161,-0.23944914979659918
2024-12-11,-0.15844232490288465,-0.2838621914487658,-0.24270572909404253,-0.2365868983475934
2024-12-12,-0.10879729428082818,-0.19264080256321026,-0.1671057928975254,-0.16027926511706048
2024-12-13,-0.029355340127329616,-0.17048506594026377,-0.11052913201507861,-0.10103224412897652
2024-12-16,-0.08094152769232647,-0.1457760071040284,-0.12824350871064197,-0.12460581042324169
2024-12-17,-0.01902951490856567,0.02007684830739323,0.0002238251477755002,-0.002307753231012924
2024-12-18,0.0898555129663993,0.10261519446077784,0.10676440092556738,0.1047000348001392
2024-12-19,-0.03759944945925002,-0.09026201121433317,-0.07410170267022108,-0.0704362514354758
2024-12-20,-0.00725764281381911,-0.09951241381562535,-0.06131952640824741,-0.05575896980019113
2024-12-23,0.0791145270699922,0.00013190452761811046,0.03452326917814353,0.041347749390997564
2024-12-24,0.16602413225943263,0.11137782151128604,0.14675507356902498,0.14973314293257173
2024-12-26,0.2203179589171069,0.35231526526106105,0.3098703525105453,0.301502646010584
2024-12-27,0.2076515722132955,0.2731073644294577,0.25765639473224444,0.25334107736430944
2024-12-30,0.058909859687617847,0.13620745682982732,0.10409739026337406,0.0990694202776811
2024-12-31,0.13514011505426696,0.14729713318853274,0.153714928520207,0.1540056400225601
2025-01-02,0.09484602068444542,0.029540710871820558,0.0696493639664179,0.07335341517414269
2025-01-03,0.03262320432138695,-0.03073500367765481,0.0029866006055027806,0.00662364265353804
2025-01-06,0.008429299480289627,-0.028926739706958828,-0.008847891954837062,-0.006510362041448166
2025-01-07,0.0725238408364599,0.028318577274309097,0.060488598123593924,0.06201980007920032
2025-01-08,0.06830394223954159,0.09885428341713366,0.09446423948843181,0.09197239988959956
2025-01-10,0.0168832769856291,0.10659767439069756,0.07176710524588811,0.06709649238596954
2025-01-13,0.015492006221238789,0.21000372001488005,0.12382672299812265,0.11200432001728007
2025-01-14,0.056220723578380725,0.20078902715610863,0.1408996845999975,0.13149604598418393
2025-01-15,0.0328631164743934,0.1924184656738627,0.12471351631798634,0.11229136116544466
2025-01-16,-0.034225999360923194,-0.06293324373297493,-0.05526221930023514,-0.053621014484057934
2025-01-17,-0.06786201856123922,-0.038267865989892756,-0.055948698876649945,-0.057182822103676166
2025-01-21,-0.037419386380253356,-0.08412609650438602,-0.06551121196513553,-0.061868695474781896
2025-01-22,-0.03673838542592708,-0.07079826889223405,-0.05763936522514313,-0.056381026877252174
2025-01-23,-0.08001048830586162,-0.06929269483380404,-0.07992259286083772,-0.0804987239268651
2025-01-24,-0.1309698309553367,-0.013552710536107203,-0.07800529107015716,-0.08381980929091262
2025-01-27,-0.012903811889254125,0.005984663938655755,-0.006276853761564985,-0.006634298537194149
2025-01-28,-0.05473559799742249,-0.036005424021696084,-0.05122952914771268,-0.053238548954195816
2025-01-29,-0.10170107470994046,-0.11595905583622335,-0.11945306795477818,-0.11870322681290725
2025-01-30,-0.10580178090764135,-0.12926643706574825,-0.1297827251329492,-0.1276370225480902
2025-01-31,0.018185878251770635,0.07114502058008232,0.04986281884391447,0.045737270949083794
2025-02-03,-0.10971500119101558,-0.15058121032484129,-0.14226735997976409,-0.13923281293125173
2025-02-04,-0.17144399688202458,-0.21188302353209412,-0.20939132698744053,-0.20598533594134377
2025-02-05,-0.13559331365907223,-0.20526600506402026,-0.18728453128156572,-0.18324754899019596
2025-02-06,-0.07428423614196557,-0.10384236736946947,-0.09765264088680095,-0.09471724286897147
2025-02-07,-0.01445165996279447,-0.08037084948339793,-0.05475943103364555,-0.05024717698870795
2025-02-10,-0.0008481510525669421,0.04566344665378662,0.02078920209116409,0.017106980427921713
2025-02-11,0.11919129126054098,0.03504830019320077,0.08197922261698196,0.08580216720866883
2025-02-12,0.054854145139069506,-0.12513968079776702,-0.04528264166202079,-0.03517379583462557
2025-02-13,0.0169208961868038,-0.22288980604527997,-0.11955012180525172,-0.10551031800939953
2025-02-14,-0.0008635640787503262,-0.3358861559749028,-0.1907011158847685,-0.17052966576806547
2025-02-18,0.01845282109088183,-0.2748654722427655,-0.145016910344686,-0.12761743445380155
2025-02-19,-0.10756835348262794,-0.3159795786912231,-0.23254989510231394,-0.22145659279051458
2025-02-20,-0.1098344478983258,-0.1468805496576568,-0.1384609659008016,-0.13578109120404608
2025-02-21,-0.30504244008488923,-0.38903862394732447,-0.37868073295512245,-0.37347710952596797
2025-02-24,-0.28397448375901685,-0.4033545339599685,-0.3802750593191837,-0.37197375766395496
2025-02-25,-0.27535782891864297,-0.46131097168213375,-0.4045622326428716,-0.39310074671374384
2025-02-26,-0.10828215427467668,-0.3603395844249252,-0.25533517252743115,-0.24196574759562353
2025-02-27,-0.07527689942809743,-0.26101285874466207,-0.18057771578020468,-0.16802385666913186
2025-02-28,0.004698266238606145,-0.206602858028962,-0.10787135412842269,-0.09493227091633466
2025-03-03,-0.0323378981943976,-0.2044924016508815,-0.12639441867539888,-0.11522666221342176
2025-03-04,-0.11212916690669752,-0.20000467590714985,-0.16577021549121612,-0.161414509626166
2025-03-05,-0.10708846198386762,-0.12132982134527336,-0.1254855109013012,-0.1241773057274449
2025-03-06,0.000678748774373264,0.060019085335305485,0.03309969115835438,0.03048462437674452
2025-03-07,0.3000332997391359,0.45175236777441136,0.4026258689091233,0.39185256578476513
2025-03-10,0.18796546190825658,0.2674141756327981,0.24524233508584403,0.24001870362859937
2025-03-11,0.1074390922806752,0.1870740749576544,0.16083389468157813,0.15497960254789225
2025-03-12,0.24744597395749696,0.3183555120834029,0.30389876934044135,0.29766691318558103
2025-03-13,0.0965104096706174,0.14565717966457523,0.12986828329914898,0.12715280196578954
2025-03-14,0.25976167624631286,0.3507724312331512,0.322943664262901,0.31807610277453063
2025-03-17,0.2749179933611353,0.34381153231385836,0.32985088246592037,0.32611169692487535
2025-03-18,-0.05444294444969624,-0.027522866617362883,-0.04146753771327259,-0.04352410716415774
2025-03-19,-0.19688963759197187,-0.21457900135983013,-0.2182028112230916,-0.2161788295918124
2025-03-20,-0.4114821985082759,-0.45792275210535105,-0.4661314953875065,-0.46333458978457426
2025-03-21,-0.5183361754297127,-0.5653874084500322,-0.5759450265285503,-0.5735367511987977
2025-03-24,-0.4603220832337747,-0.33268707207099746,-0.42475610522161755,-0.4335621346947539
2025-03-25,-0.2712995801273674,-0.18515299723627646,-0.2447368232085007,-0.2519419388778286
2025-03-26,-0.5064241204676228,-0.4078694563065105,-0.48707198945870506,-0.49397991268459096
2025-03-27,-0.40291937793804117,-0.45431047069208197,-0.4568630887758672,-0.453491232674094
2025-03-28,-0.3348864694471123,-0.3472362048810745,-0.3590629114849999,-0.3580854545888303
2025-03-31,-0.4320710357030481,-0.43446029057423,-0.4523415229015859,-0.45197509363742633
2025-04-01,-0.0020839788560888697,-0.01953155044492688,-0.015731848738135955,-0.015949137581410883
2025-04-02,0.2829928569235611,0.17723930624806164,0.2430296267578633,0.2511766586349214
2025-04-03,0.29210511995513144,0.2163764582389007,0.26380748108308155,0.27016876207743873
2025-04-04,0.08913518377881052,0.02495359877853854,0.058083774507926095,0.06455977288450987
2025-04-07,0.2887919230559308,0.2539692248968199,0.2819732045153051,0.2832874490063697
2025-04-08,-0.611162816784421,-0.4859559244687342,-0.5817181692096713,-0.5914493067597709
2025-04-09,-0.041352852422549796,0.060214996302216287,0.010744115398453196,-0.0003497387694730062
2025-04-10,-0.06405630869995736,0.04866770045566238,-0.003835636791749951,-0.014297778944103823
2025-04-11,0.04869112297092695,0.06893565856335139,0.06694611317592938,0.06450089462509244
2025-04-14,0.32948459831649746,0.29926321063053174,0.33587543540158066,0.3371503685855381
2025-04-15,0.5999646491567101,0.5263923467805425,0.5964674048230932,0.6011425435980629
2025-04-16,0.5833321564033576,0.48052723238781403,0.5676128985825891,0.5750138607247656
2025-04-17,0.6075082275790131,0.5928839373046735,0.6321209345174715,0.6345513276236372
2025-04-21,0.5607524255311772,0.5354330701147506,0.5772271676445627,0.5782210558961758
2025-04-22,0.3040559609797223,0.2879638332895961,0.3098593215919988,0.312659493761481
2025-04-23,0.022160314040330042,0.0019646921765558655,0.009984757934126058,0.012213851473479774
2025-04-24,0.132788894918351,0.0671529928191426,0.108567492209766,0.1139048118901639
2025-04-25,0.04369100761257719,0.02317942600854069,0.03417672365073172,0.035529641911396334
2025-04-28,-0.024184985941882516,-0.03044158694563065,-0.026737963321807175,-0.027338406851635376
2025-04-29,0.1197227942542614,0.13728453849273564,0.1356652959393502,0.133670348545936
2025-04-30,0.31755540579964514,0.3159023860462913,0.334631075458327,0.33512413424443876
2025-05-01,0.17931418476922875,0.1903615285054162,0.19573587680483323,0.19577117150013537
2025-05-02,0.49292809460019016,0.43005463177231196,0.4959529221034642,0.5005208388004867
2025-05-05,0.5075329364014542,0.4000549657656798,0.48700996743483965,0.4955432879261398
2025-05-06,0.48241212096283875,0.4027706181262972,0.4740101125441918,0.4784308991578596
2025-05-07,0.3356050562572329,0.2763920127871747,0.32797409426600466,0.332198296633824
2025-05-08,0.26008116957621,0.25051993224705965,0.2772185584771789,0.279893790109025
2025-05-09,-0.24630807139882266,-0.11960598325261827,-0.20056535204455941,-0.2108283512655963
2025-05-12,-0.23176757103558915,-0.29117828088842235,-0.28546830249703203,-0.2776548894243386
2025-05-13,-0.20438332907278228,-0.3350589975427631,-0.2934638633368854,-0.28045012763317984
2025-05-14,-0.12757335685957044,-0.17289777417277,-0.16018297530238346,-0.15738349595629458
2025-05-15,-0.19275379413646643,-0.2504326168380371,-0.23535262554556516,-0.2296761695732042
2025-05-16,-0.06317283012802585,-0.046277357635326956,-0.06112700632152869,-0.062033256196769804
2025-05-19,-0.09236216508589788,-0.04169878569554119,-0.07250148317254984,-0.07688565498485102
2025-05-20,0.060764540436214126,0.10584755588424744,0.08932245790949997,0.08414209032134934
2025-05-21,-0.12868548230628055,-0.14379435551208342,-0.14244092818071616,-0.14192761886585395
2025-05-22,0.009541932739710548,0.04146088798007702,0.0263074961247699,0.0231481743242163
2025-05-23,0.027401385196834334,0.04998430231171124,0.03987349546731399,0.03910232125390653
2025-05-27,0.15459948056308437,0.11640069939167166,0.1417936880670752,0.143701079364007
2025-05-28,-0.0005728962529874245,0.02387814013407448,0.010702797590630392,0.009372808168523511
2025-05-29,0.2884873032707308,0.24302867505104725,0.2806211956733288,0.28283744379010495
2025-05-30,0.40783479844930026,0.40645752320061074,0.42879767891373455,0.4301321182336522
2025-06-02,0.4268997174441097,0.42297635804089034,0.44885519799674634,0.4476293627883675
2025-06-03,0.3443421181470228,0.3505019920318725,0.37230908414637104,0.37092511391559513
2025-06-04,0.3331953378271182,0.2772913137867691,0.3296213924305682,0.33491786148817904
2025-06-05,0.1357657394532906,0.13765622539780994,0.14801966643424522,0.14753689433881242
2025-06-06,0.13373113314538493,0.20087525347710952,0.17987447398055578,0.17428193811580028
2025-06-09,-0.0920437008034884,0.00975499200801584,-0.042665795228354265,-0.0522776916286948
2025-06-10,-0.023354472925240725,0.0838326216093709,0.035406862845065605,0.025252952262805068
2025-06-11,-0.05324339673219238,0.06076102919486199,0.007772765661517869,-0.003568480653875056
2025-06-12,0.05308556583026116,0.12410363337070879,0.09340400495068893,0.0865927428012501
2025-06-13,0.03644421737107016,0.10988200491447384,0.07933973596550077,0.07196946346351123
2025-06-16,0.15614487013594358,0.2226326841766512,0.20299289678204324,0.19633948508575252
2025-06-17,0.2206240077399437,0.15459341078798577,0.2047193022334353,0.20876016890521745
2025-06-18,0.13534963422428437,0.12027940930887229,0.13461160882926737,0.13677190638643033
2025-06-20,0.13371998719882575,0.028033781043490708,0.08713959824631083,0.09499324856263569
2025-06-23,0.17929188001836405,0.14157339504258415,0.1713242984582909,0.17522141374621275
2025-06-24,0.2217430413820837,0.1937217835245843,0.21989178489078748,0.22304248872772384
2025-06-25,0.09264872304057718,0.02218164467876995,0.06058466040714126,0.06714354557816637
2025-06-26,0.031861625118745185,0.010044469070889357,0.020727363270081733,0.023583224552883673
2025-06-27,0.20450107835921466,0.21956523606174105,0.23161619600911962,0.2315612281413269
2025-06-30,0.16758675530413147,0.16267404632965146,0.17538528550212035,0.17704415869456305
2025-07-01,0.12892376240329959,0.22719393628346352,0.19236988582321457,0.18507827814677294
2025-07-02,0.11441292225364515,0.12553293413173652,0.13231806404011084,0.13002409523582317
2025-07-03,0.10700323243881492,0.1436052232651484,0.13635037310656425,0.13361877361497188
2025-07-07,-0.0759995217209624,-0.08699859245652122,-0.08967916372840076,-0.0897708328363194
2025-07-08,-0.050411375566512484,-0.08041120122253073,-0.07543695912502564,-0.07076299074485237
2025-07-09,-0.10041237020442745,-0.11060238089557936,-0.11869699857468588,-0.11865419758093375
2025-07-10,-0.058649284223678745,-0.09741794498652098,-0.08406203703064939,-0.08002805544289907
2025-07-11,-0.0744944607039897,-0.08885473674165613,-0.09080966692625626,-0.08822959658372498
2025-07-14,-0.07328171888855517,-0.05700832733755584,-0.07119249203899806,-0.0731599129985427
2025-07-15,0.05608293158666732,0.03052985662141852,0.045834598336559555,0.04822081732948446
2025-07-16,-0.0007783961803720675,-0.0204784693561085,-0.015483258942527368,-0.013143784144857696
2025-07-17,0.024807471761800686,0.01243104229787437,0.018679816494116413,0.020304220244769425
2025-07-18,0.11645568690146714,0.07663048405181669,0.10379271754549724,0.1069341794498652
2025-07-21,0.04777587806982293,0.002400076341341222,0.02414892265062303,0.028476942529284063
2025-07-22,0.004040034767784856,-0.035190495503017866,-0.020310047341609367,-0.016339337261731517
2025-07-23,-0.03596267220028768,-0.0006343011188777823,-0.023669407550619286,-0.027989025932199346
2025-07-24,-0.10007810923417958,-0.0911954576901973,-0.10543304290900499,-0.10523090870052723
2025-07-25,-0.1098875590579884,-0.151791206431758,-0.14366176202660344,-0.14072715127513896
2025-07-28,-0.07828341313430473,-0.10517193501443328,-0.10203295626372041,-0.09921778753250471
2025-07-29,-0.11414420581070939,-0.1358499892644989,-0.13399989984986144,-0.13328253453252856
2025-07-30,-0.029282443576510105,-0.10008330748860844,-0.06757588614921056,-0.06213784383424386
2025-07-31,-0.042282777183747074,-0.06500207553021448,-0.05631801339639454,-0.055255003936350404
2025-08-01,-0.05155156768319093,-0.05694205215067872,-0.059448416893258596,-0.05865915976811317
2025-08-04,0.01989968923303393,0.07415378008922394,0.051601907583961486,0.045416322733020015
2025-08-05,0.18905465467978497,0.2230302741131283,0.22090468864738894,0.21586964715986354
2025-08-06,0.14396488324908632,0.2414490540830689,0.20728638061181967,0.1987482882839898
2025-08-07,0.2687657332315144,0.3737935443853329,0.34119149218688394,0.3322995443376196
2025-08-08,0.3424632853960091,0.44319398914984365,0.418412813017704,0.4089063246154622
2025-08-11,0.1252663456843505,0.15510909654793997,0.14915823256323124,0.14628508719612568
2025-08-12,-0.10637572425397375,-0.15697804298762322,-0.14168454032713784,-0.1370729906312949
2025-08-13,-0.06836657096318269,-0.10653615732366722,-0.09251090938153816,-0.0899469449136853
2025-08-14,0.06859298714050636,0.1618908795953909,0.1262879680105956,0.11689557935920987
2025-08-15,0.025540563813764502,0.10931240308228166,0.07166132777237458,0.06471779946083928
2025-08-18,0.13181697933035538,0.29909888589355155,0.23264373636103922,0.21556342295488704
2025-08-19,0.2347577908780605,0.3091545673593053,0.297069291442248,0.28930085645442183
2025-08-20,0.2901498050420924,0.3978561442851349,0.36700841097301146,0.35784517021733425
2025-08-21,0.018537762048705834,0.015102798387289167,0.016242280917033922,0.018083068921917123
2025-08-22,-0.0805119573527164,-0.12103242121335019,-0.1083700162237859,-0.10618002242526899
2025-08-25,-0.09192807513791117,-0.15428260610253597,-0.13139834318911442,-0.12580747668010592
2025-08-26,-0.14149038934208144,-0.16378328601760622,-0.16284127391465789,-0.15921988691938832
2025-08-27,0.008963342563654112,-0.022422215330295585,-0.009061739902280255,-0.005538087172269008
2025-08-28,0.09509773829386967,0.08235026361619391,0.0976674265906137,0.09896013550588068
2025-08-29,0.18642207581484654,0.11017715962497317,0.15788815238439516,0.16601044922107974
2025-09-02,0.16733736629472615,0.25449941551160626,0.22315013221101646,0.2147417038433094
2025-09-03,0.19582910591887803,0.20850709735906672,0.21571193125983848,0.21426180308705298
2025-09-04,-0.03385476699838256,0.017741155139919366,-0.008567244983743455,-0.014969869026886466
2025-09-05,0.002517840548800781,0.06989393324903977,0.041047247871260024,0.033324522270200635
2025-09-08,0.11707246759831472,0.2307093541999666,0.1891010959971829,0.1765874466207028
2025-09-09,-0.025558370823938154,0.03188892334852208,0.002264671128023322,-0.0035530214471455497
2025-09-10,0.10125659350373956,0.17569425292840612,0.14707997672286685,0.13962478230789419
2025-09-11,0.1705539186120083,0.22306291535803896,0.21429583123740448,0.20966787245432345
2025-09-12,0.1459405574197645,0.18650141947181334,0.1779380546782867,0.17459570102822244
2025-09-15,-0.02536105892358582,-0.0499796264045614,-0.0418906425411415,-0.03878445499439368
2025-09-16,0.023912759374852804,-0.032286089176229216,-0.007644936304467447,-0.0010555144690698286
2025-09-17,-0.18002662752689189,-0.22625779516663883,-0.21916489236293343,-0.21623608559772883
2025-09-18,-0.13366576618623802,-0.16986148817902044,-0.1656248637933757,-0.161440561108858
2025-09-19,-0.09841142522069019,-0.13717336968708094,-0.13004677373263956,-0.12678827508620075
2025-09-22,-0.0781859670446921,-0.11932304315671446,-0.10892200431016859,-0.10647832621609371
2025-09-23,0.014814081087596248,-0.004509292172626858,0.004239004909554831,0.005612806259989981
2025-09-24,0.16417089171242852,0.1844189231099554,0.18679648344455976,0.18569735429539327
2025-09-25,0.11952018934298339,0.1375105088627526,0.1342237390429035,0.13330362382804112
2025-09-26,0.1723151949168811,0.15138669274995825,0.17154989722699154,0.1724447837392943
2025-09-29,0.08549799988756375,0.053677696400028625,0.07203628529016332,0.0758267051554262
2025-09-30,0.06169419956936116,0.06602962998306176,0.06911439633532468,0.06835708662356561
2025-10-01,0.03908341246416521,-0.05981086432712265,-0.010848563770941266,-5.4106925591048976e-05
2025-10-02,-0.13774093905003604,-0.3870506954219052,-0.2840764673720075,-0.2607797313739056
2025-10-03,-0.005965946624602253,-0.2113319178376315,-0.11629888084748696,-0.09711925948899015
2025-10-06,0.02744691492688251,-0.06240131688813608,-0.01832670191445439,-0.010602667175608942
2025-10-07,-0.051420759104943134,-0.14504540270165817,-0.10381935468372587,-0.09511744865132166
2025-10-08,0.016659761341784474,-0.04665338756717771,-0.016609804119516704,-0.009591287773249229
2025-10-09,0.21804760123370834,0.26011250805162583,0.2568847825851924,0.2531393945177374
2025-10-10,0.07269002068699415,0.11213999093446574,0.10042233831970028,0.09429739723739772
2025-10-13,0.20117386414570848,0.2436290765083379,0.24051764505207024,0.23709559367321134
2025-10-14,0.13046610438498882,0.10698475558842474,0.12655564048321893,0.1283191068063077
2025-10-15,0.23278322703492896,0.24527318271822887,0.254365435152944,0.2531079037144834
2025-10-16,0.3210089354289176,0.3225875974565833,0.3425787634203614,0.3421236334213717
2025-10-17,0.2669703090342948,0.31165570055108904,0.3075730680920056,0.3039007562564115
2025-10-20,0.1707496050941381,0.1793969034043467,0.18662046668908114,0.18537261731517046
2025-10-21,0.12748781936099451,0.19071899229429587,0.1674419028528609,0.16065424529427202
2025-10-22,0.028070538897980116,0.04179774315910013,0.03462517587487121,0.032744900636973065
2025-10-23,-0.019137804223761583,0.05679366366867858,0.019239308105254482,0.012126344919722308
2025-10-24,-0.05054864342427375,-0.05651170629679945,-0.054546670880714625,-0.053952734673856806
2025-10-27,-0.20112247599789854,-0.2030120491356321,-0.21777915300524173,-0.21605012196069948
2025-10-28,-0.11248910706941102,-0.1299966026775151,-0.1264666072796895,-0.12465593394804492
2025-10-29,-0.12925613094567462,-0.13079663109683146,-0.14146130104207885,-0.1411526072232777
2025-10-30,-0.17997523262766468,-0.16277614035234167,-0.18238493574404654,-0.1834724411125631
2025-10-31,-0.1362308846134848,-0.16734068476039296,-0.16301092478901946,-0.16050942478345567
2025-11-03,-0.07002694491574321,-0.04401545969074263,-0.06126045103963845,-0.06496977293620722
2025-11-04,-0.1627504757696398,-0.13386320585919795,-0.16107595083190887,-0.16266335854188038
2025-11-05,-0.0967770415742,-0.11287794856928994,-0.11332074824185658,-0.11085292999025671
2025-11-06,-0.1425822112932225,-0.14388308126288196,-0.15327267670103165,-0.15333193481712962
2025-11-07,-0.24050408314868338,-0.2646947777441746,-0.2712779366205343,-0.26703543481424685
2025-11-10,-0.23681135392453068,-0.21657392524875557,-0.24208931107438358,-0.24196292294186783
2025-11-11,-0.26764684677990963,-0.2713214209032135,-0.28844423683853726,-0.2874658014647995
2025-11-12,-0.28400102711944564,-0.31690236470814165,-0.32434499819222506,-0.3203071809380376
2025-11-13,-0.19012915603672192,-0.14165222184084225,-0.1769265178889589,-0.18255886822823347
2025-11-14,0.04930173982443423,0.13716266556404275,0.10355045729890112,0.09438419449626634
2025-11-17,0.1619356868666449,0.2477228619598581,0.2247160694065061,0.21565722206589175
2025-11-18,0.20194627716926983,0.3120198578550407,0.2813731935886038,0.2717300699939495
2025-11-19,0.3827662147898862,0.433589270019599,0.4364263718309642,0.4313676117780992
2025-11-20,0.4246868221905819,0.3140018111148459,0.40199787461853226,0.41313144109316474
2025-11-21,0.39909298084637035,0.3637429748807055,0.40700013047765304,0.4093472993028613
2025-11-24,0.37500156811726887,0.3463105708616351,0.382779505994641,0.383963793639148
2025-11-25,0.3471049560379179,0.32401212639709137,0.35780900938341764,0.3588494084992633
2025-11-26,0.340116810576367,0.30509089462082384,0.3442884081792054,0.3463484190166395
2025-11-28,0.31225822705969014,0.3054079084905601,0.3328465312222832,0.33029065153891407
2025-12-01,0.26363750494640387,0.23780588648845055,0.27213982267677395,0.27381674596835337
2025-12-02,0.20667096877758334,0.2399764165205584,0.24424179831130308,0.24016537272298646
2025-12-03,0.11486964043550153,0.18545705038324578,0.15979387579809565,0.15234892621985954
2025-12-04,-0.046562245536828084,0.021166841544430486,-0.013920088851382264,-0.020237237737304493
2025-12-05,-0.14176536153036765,-0.06898248529156872,-0.11347540940410807,-0.1206013939172275
2025-12-08,-0.1418874978358673,-0.09260053866746322,-0.12597793309770597,-0.12926174138222885
2025-12-09,-0.18071258493269005,-0.20795488537866486,-0.20741207265395703,-0.2039004847741568
2025-12-10,-0.1348926103089393,-0.19304356602470726,-0.17363564633967812,-0.16798562111596946
2025-12-11,-0.0031640252637335957,-0.0032282389353076855,-0.0019374216460394322,-0.0033008998043136555
2025-12-12,0.12173157214098018,0.10651329531490819,0.12132352374504547,0.12235483542561786
2025-12-15,0.05782240628501586,0.058236506313315,0.06317881835952614,0.06396457374412558
2025-12-16,0.05915506237816125,0.07476789192084651,0.06953244939513513,0.07091098469658703
2025-12-17,0.08008058731735508,0.07845680645710393,0.08267379370488817,0.08331284805896116
2025-12-18,-0.04157695407259029,-0.11439946337197371,-0.08560068068050734,-0.07828132002412606
2025-12-19,-0.013058249869265593,-0.12373894619258706,-0.07227345938086785,-0.06096555196577768
2025-12-22,0.011834433468000527,-0.07289739626036514,-0.034155194352604945,-0.024406226239670547
2025-12-23,0.1105593715604847,0.16209382114020562,0.14608272619657553,0.14155867845594686
2025-12-24,0.03662217525717502,0.1678944630283523,0.1078280892804399,0.09644283783189643
2025-12-26,0.10311396805506254,0.22582794143363213,0.17382280078621878,0.16310311426286853
2025-12-29,0.09355313043641279,0.18725488517472116,0.15035119054409607,0.14093310689575836
2025-12-30,0.08911044880492507,0.2162591879597715,0.1622327863191634,0.1507004920402437
2025-12-31,0.13892036515164186,0.18066285589182182,0.17485541604003063,0.16954820922972316
2026-01-02,0.13794513065244393,0.119010962258038,0.14023880860807286,0.14115156379043298
2026-01-05,0.06368484518676558,-0.02733011478567581,0.022868116543714453,0.030425505748342685
2026-01-06,0.009566113342809516,-0.029570080530724095,-0.00688202181244824,-0.004132990069222758
2026-01-07,0.08920821981448682,0.05759526387728926,0.07814068561876086,0.08209108305530986
2026-01-08,-0.007816268182046194,-0.04470459965592328,-0.026160048717068122,-0.023116732958642923
2026-01-09,-0.09267369544474084,-0.11829137302529741,-0.11161055286571243,-0.10873201044703935
2026-01-12,-0.11957557157293092,-0.1008440375709813,-0.12126233690609065,-0.12141180637623789
2026-01-13,-0.01022826840973688,-0.030558590864811844,-0.02679863208541967,-0.02459622587494334
2026-01-14,0.0017850312682844809,-0.07386124363630465,-0.0406409132073334,-0.03458017076347649
2026-01-15,0.038028611905694336,0.028579388473415537,0.03527454487575668,0.034610525173505095
2026-01-16,-0.006561776110351401,0.032491695578059386,0.01309089674219166,0.00873471945811306
2026-01-20,-0.0750098408842107,-0.1039749052503691,-0.09509979945436764,-0.09078249922181253
2026-01-21,-0.2404288475423129,-0.2585536948881893,-0.2621460325053891,-0.2608269556267377
2026-01-22,-0.2940628123854792,-0.2997875997587014,-0.31178449196794467,-0.3106899552656625
2026-01-23,-0.2627212476736535,-0.20349468425508688,-0.2450506133662157,-0.2511437091125504
2026-01-26,-0.28418223378755386,-0.22249569121521082,-0.2648147113942191,-0.2708014147621369
2026-01-27,-0.22523710315167747,-0.20281303803488204,-0.22220890525546094,-0.22509260585068921
2026-01-28,-0.241384251937721,-0.24342173691633628,-0.2562736539645236,-0.2559683528715343
2026-01-29,-0.13881255811969975,-0.09065368269425364,-0.1209453423015437,-0.12599171770436615
2026-01-30,-0.12048371057808589,-0.08791030803038723,-0.10891967622993838,-0.11209195906461178
2026-02-02,0.057465283702305595,0.0771369587660477,0.07185773329600721,0.06946601992169416
2026-02-03,-0.014742260276617744,0.04416068657122323,0.014663486877591107,0.010456287965837628
2026-02-04,-0.006586733662198757,0.00555604275437624,0.00016865696269416236,-0.001963788042553658
2026-02-05,-0.08967540312266846,-0.05948586933441458,-0.07814216257456116,-0.08121488403832794
2026-02-06,-0.16589455567440464,-0.1401256795889975,-0.15798936118306484,-0.1617273954858534
2026-02-09,-0.05872975129349952,-0.033295704931609854,-0.04500884632122167,-0.04814517717513418
2026-02-10,0.057367072586505016,0.05725681220547033,0.061185990622364406,0.06196316862287401
2026-02-11,0.18838629207498978,0.2295715887654724,0.22152002222175565,0.21763281987109714
2026-02-12,-0.10932825045235399,-0.09465970595777863,-0.10655949385451384,-0.10888283392186898
2026-02-13,-0.06296578042863418,-0.04397457609473535,-0.05708997933807112,-0.05867246600317934
2026-02-17,-0.1159414646507183,-0.14571079617672925,-0.14101774898089559,-0.13854563768947734
2026-02-18,0.04172241936869196,0.009881925613577642,0.02946330666757953,0.03091952377155821
2026-02-19,-0.06483194326190639,-0.03623932384413371,-0.05352279405333942,-0.05608693427146167
2026-02-20,0.19964739418130234,0.11324106319925711,0.166593262597642,0.1721057579896957
2026-02-23,0.07665250926643372,0.042635567182348566,0.05698549359798095,0.060537744499437045
2026-02-24,0.05337629268623052,0.05805864291788217,0.05447416246237011,0.05435255916845232
2026-02-25,0.07285257751340025,0.10332707819042468,0.09098061152043523,0.08703999224444808
2026-02-26,0.044632662866181776,-0.02895502429751951,0.005412536786748322,0.009367418363592808
2026-02-27,0.07585127164475924,0.026435039119957357,0.049768420120214804,0.056242121192732905
2026-03-02,0.06241889942171887,-0.01667780373132534,0.019545721084959052,0.027660124137205536
2026-03-03,-0.066531061058357,-0.08198133289155018,-0.08195103636754882,-0.07914205726349967
2026-03-04,-0.2843780947020717,-0.2575536654717701,-0.29220769873672003,-0.29395562341663517
2026-03-05,-0.20580298095313465,-0.09888048667225599,-0.16569203900085944,-0.17571812249816227
2026-03-06,-0.25821390841199426,-0.19996124121269473,-0.24647481790298692,-0.24973782564056934
2026-03-09,-0.12810663601369135,-0.12234985250365309,-0.13301185107182792,-0.13206961916740603
2026-03-10,-0.10318036392290061,-0.13044831424175324,-0.12214219200380012,-0.11935927911311624
2026-03-11,0.25772725889107173,0.2442740850569956,0.26869428574874915,0.26913463203256865
2026-03-12,0.24443274371545792,0.19754189987588366,0.23452929910642467,0.23758287643227166
2026-03-13,0.29727289185647304,0.29290227098890065,0.309458708321506,0.3097198472926546
2026-03-16,0.08159045293831425,0.1009878415884918,0.09879696176325853,0.09660770022136428
2026-03-17,0.1174774362193118,0.12606779344450036,0.12981848534636145,0.1287231403192838
2026-03-18,-0.07651198970846718,-0.06006525913583556,-0.07126245686867207,-0.07209755755611143
2026-03-19,-0.22192435777169306,-0.1200217641119905,-0.1811632623727773,-0.19104871214063995
2026-03-20,-0.3668221979165702,-0.25057636621760954,-0.33569813585223673,-0.34478260574682024
2026-03-23,-0.16143035591213897,-0.14872045003832074,-0.1692802948412209,-0.17053891746393318
2026-03-24,-0.07824138896421459,-0.09124635255006212,-0.09693416958668755,-0.0950890311446207
2026-03-25,0.003991483362086853,-0.00854073497797005,-0.00235835409612817,-0.002507226839597005
2026-03-26,0.26172887895636054,0.25829103438391054,0.2752991569928265,0.27546555957809454
2026-03-27,0.24548171303452304,0.2979466047904666,0.2817066808329164,0.27815391687378416
2026-03-30,0.2476197161412858,0.2401981934288299,0.25099440543395934,0.2506399207636069
2026-03-31,0.017083113292675433,0.042618018539050784,0.02894256967991151,0.027151877484289103
2026-04-01,-0.03883663587548318,-0.09242163736335714,-0.07006353310015676,-0.06430747765239563
2026-04-02,0.13390682505076384,0.11434416143120285,0.1364812340611975,0.138258219369519
2026-04-06,0.1837908571151534,0.16815276008618946,0.18770612737239983,0.18888434784806915
2026-04-07,0.22649759863447208,0.23492477868907935,0.24703332522026009,0.24436111104919023
2026-04-08,0.34503015243508983,0.42823332922758317,0.41413792285010026,0.404924936626869
2026-04-09,0.35045542629595156,0.49761250707933613,0.4512299870349241,0.43586224618555336
2026-04-10,0.24861187784979133,0.4101583214883944,0.3505673378682102,0.33586865381179537
2026-04-13,0.28054489002745453,0.40733232591473134,0.369271892986863,0.3560077614329292
2026-04-14,0.19509075210650534,0.30372712789275746,0.2715874516624924,0.26167185165837764
2026-04-15,-0.0743854793067021,-0.07167449296633777,-0.0735901957272103,-0.07405247641948486
2026-04-16,-0.010888150197103198,-0.013786735891163504,-0.012676401499773386,-0.013091525043977138
2026-04-17,-0.016508566817058458,-0.1306444796165631,-0.08012893830019449,-0.07057196387958008
2026-04-20,-0.09908632850000366,-0.165153080372644,-0.1436213677044703,-0.13579742529151262
2026-04-21,-0.1485145922720959,-0.20200674901849727,-0.1893551709721679,-0.18469420611621443
2026-04-22,-0.0325021713718165,-0.05345008588282521,-0.0446604498765503,-0.04121858635667416
2026-04-23,-0.04070678055227444,-0.03086877499229164,-0.039071245811132055,-0.040671541995966565
2026-04-24,0.046793226659693654,0.013932057629175446,0.033089383613991274,0.036690655978246514
2026-04-27,0.09428189882474942,0.06195529544777284,0.084915378822724,0.08663570738177989
2026-04-28,0.04813287627970234,0.07643605646698097,0.0665023272512406,0.06317364558029592
2026-04-29,0.1966514734160356,0.2056333421566647,0.21533290478239486,0.21233512160332374
2026-04-30,0.11115884567195392,0.16360140087499433,0.15013715478459438,0.1451719105411902
2026-05-01,0.008472645353607667,0.04147517500147385,0.02614526083479506,0.023207511616134716
2026-05-04,-0.061569240793060684,-0.024736709878856972,-0.04495073311922838,-0.04833432309262492
2026-05-05,-0.2801804045511434,-0.2894708946502297,-0.30447675949552955,-0.30423262367726506
2026-05-06,-0.24372967150316036,-0.23947846758887645,-0.25218505965204463,-0.2515393658408679
2026-05-07,-0.22010728122640086,-0.25867711067082994,-0.25588580325192695,-0.2514253945142609
2026-05-08,-0.12829977682488153,-0.26909350491037126,-0.21497485604930924,-0.2005827477580304
2026-05-11,-0.05737830780533394,-0.29359937898671384,-0.19390658208020173,-0.17136548981512315
2026-05-12,0.16342302349827556,0.053289206242137795,0.11400184986791106,0.12343995525380531
2026-05-13,0.17900671698887263,0.06332020046621528,0.12776009736205143,0.13758634347504212
2026-05-14,0.23659916368235506,0.16155646221437983,0.21121489578076155,0.21762238554264982
2026-05-15,0.22137781080573435,0.2578415045428932,0.26238267609353977,0.2591227452186943
2026-05-18,0.3399333859065995,0.45036520386709494,0.42468088549627436,0.413433088042824
2026-05-19,0.3305060205318163,0.4085968716650167,0.3927550903561353,0.38455390234161035
2026-05-20,0.2612019129894562,0.3293497596855587,0.31957243255996204,0.31186893952267974
2026-05-21,0.2655824405385702,0.2796547527346359,0.29141577877715374,0.28756738856884223
2026-05-22,0.1762967681626361,0.2074022454010816,0.2113422373157642,0.2075571477497588
2026-05-26,0.07834252806580824,0.1221739974253794,0.11541626976170212,0.11110127583722851
2026-05-27,-0.017978483527881516,0.08862382525186577,0.04034025015082422,0.029926587317302786
2026-05-28,-0.17124467806121932,-0.13482414184971747,-0.16727344321571935,-0.16977418358375643
2026-05-29,-0.14305751613737677,-0.0854961296534962,-0.126389933119565,-0.13205438211180648
2026-06-01,-0.09824263948666688,-0.05034034080472581,-0.08359226434879652,-0.08849898144805989
2026-06-02,-0.145816300491189,-0.112039110433208,-0.1465635191100977,-0.14902172998812285
2026-06-03,-0.10688772994462807,-0.07230785275069371,-0.09119622838948112,-0.09515389167555849
2026-06-04,-0.01702122042129802,0.07080020352180222,0.034388547633103055,0.024385464862126803
2026-06-05,0.060459065711423385,0.04948067240646427,0.05973599677398162,0.0607605552418745
2026-06-08,-0.010908215864621587,-0.0464499099125603,-0.03157273369953632,-0.029268894317645636
2026-06-09,0.021953309890458038,0.015334100500393579,0.019106941082577298,0.01938907250860234
2026-06-10,0.12103421290179339,0.05720901304372588,0.09397272247273773,0.09875588057690661
2026-06-11,-0.03968302237359514,0.0038116963180129994,-0.01968133121898732,-0.023271111332385123
2026-06-12,-0.3193482704442111,-0.32198960878763255,-0.3459138312715858,-0.3449291052365674
2026-06-15,-0.15643222338041687,-0.18906035732797932,-0.1865014486658354,-0.18218168593343287
2026-06-16,-0.13590546454254696,-0.13022159358793023,-0.14345892508826452,-0.1428308976878943
2026-06-17,-0.07917877258780938,-0.1292024374263612,-0.11473721644521524,-0.10879775566309827
2026-06-18,-0.019719107118993575,-0.014274935019772924,-0.02125258266445824,-0.020554185495232285
2026-06-22,0.0798380349701052,0.03016169836239517,0.058135664584629834,0.06259407252852522
2026-06-23,0.07329469717183541,0.09925388733136307,0.09241343478508608,0.08963784478419441
2026-06-24,0.038385629065195416,-0.05801504035663436,-0.00823537867032201,0.00014744161152837807
2026-06-25,0.1167388556909239,0.08552185238404557,0.11142338772753493,0.11442490741547884
2026-06-26,0.0804102114572723,0.04576182696372449,0.06828878180903583,0.0717877553162871
2026-06-29,0.07765357106577372,0.012537692281014525,0.050891219787576096,0.05550187793559248
2026-06-30,0.1721128081285923,0.1551083878623591,0.17871327331844708,0.179451532202354
2026-07-01,0.22081814710662737,0.1976968926656937,0.22999021451604046,0.23129858285459332
2026-07-02,-0.0016157235324888387,-0.02392828320037343,-0.012821310151580794,-0.009439075120235682
2026-07-06,0.2455914823369781,0.2507921881908031,0.267654907305315,0.26668771591778234
2026-07-07,0.030681861506831373,0.08162491341437467,0.06501946904133352,0.05941278308461349
2026-07-08,-0.21192060242905078,-0.09582739302047216,-0.16144938513213922,-0.17139688975997855
2026-07-09,-0.24221628039058363,-0.10506981683683847,-0.1892132032010082,-0.20083806449375413
2026-07-10,-0.1759139441665364,-0.10648616801047017,-0.15052828026057313,-0.15695811357592576
2026-07-13,-0.1568555248985412,0.006463716522177637,-0.08184122713947403,-0.0967859040945276
2026-07-14,-0.18005402533293058,-0.10398589378359488,-0.158508200568213,-0.16597581334191494
2026-07-15,-0.019101145185993346,0.013132005073097607,-0.011596756306076327,-0.013875680707731005
2026-07-16,-0.023407316410142976,0.03460228726650001,0.005386316060520291,-0.003492388432254188
2026-07-17,-0.021054311377384973,-0.006609096013265058,-0.0069590181338640795,-0.009883180877019823
2026-07-20,-0.1298247971349594,-0.06916230106396042,-0.099410464175048,-0.10620604519980541
2026-07-21,-0.07745386883893933,-0.12386454493219842,-0.10345067736660857,-0.09676921966550532
2026-07-22,0.0706245888636421,0.06971307468719039,0.08177053242383331,0.0803907343304623
2026-07-23,0.1724674060881962,0.1810364592267236,0.1916666660813514,0.18946490786539602
2026-07-24,0.25835493921663805,0.23431002856036812,0.26682962764483364,0.2671823842424004
2026-07-27,0.370582944484899,0.39627562301813823,0.412864794682892,0.4090649877256967
2026-07-28,0.33218519897480986,0.3690651002049935,0.37122482611164076,0.3660564664816382
2026-07-29,0.21808173947492948,0.21182007436756173,0.22714785793065484,0.22673445418952573
2026-07-30,0.28289451299739155,0.2841244845870557,0.3039323067972499,0.3025017270258693
2026-07-31,0.08645167797412323,0.13295455930142858,0.11631699892541565,0.11204953213299178
2026-08-03,-0.12309226364066578,-0.08167824734759759,-0.10640783191194103,-0.11069968683889121
2026-08-04,0.03746476800605152,0.11170112751121747,0.0771882492707285,0.07204702009536369
2026-08-05,0.21859464743258641,0.2549371381330124,0.25428190464305456,0.2505218570706829
2026-08-06,0.09868364751153906,0.21125669864023547,0.15932496099075547,0.15005633689743528
2026-08-07,0.14539165375682647,0.2254940887442905,0.19374920532096493,0.188681114632338
2026-08-10,-0.03472005902745516,-0.007321089961878892,-0.024606637887588937,-0.025264912177102403
2026-08-11,-0.09438424458647272,-0.0809856560776782,-0.0871913941511898,-0.0883102141512078
2026-08-12,-0.1686396820744876,-0.144716144434665,-0.16563731043819263,-0.1660379073976696
2026-08-13,-0.12935011545062916,-0.15183908336871746,-0.14711516393774682,-0.14418355496441437
2026-08-14,-0.10215663534268787,-0.16409726459723506,-0.13863653501893008,-0.13439401310196342
2026-08-17,0.014703649972626538,0.025204454555083456,0.026659996004698813,0.026868679483682534
2026-08-18,-0.03412933277612818,0.043533049698039956,0.008120084264051485,0.0012360537388586912
2026-08-19,0.08729624302868717,0.14179871267444835,0.1227393250817692,0.11707276379441409
2026-08-20,-0.09715368322436833,-0.012931838483479135,-0.056169201885936604,-0.06269155458573407
2026-08-21,0.13488702690673013,0.2065745134702046,0.1781658102175175,0.17135996307304607
2026-08-24,-0.023046777596457825,0.050286775340413904,0.013621984778845048,0.00725482090952634
2026-08-25,-0.06937679039796993,-0.07584338382716431,-0.07592348552849398,-0.0747166224716763
2026-08-26,-0.10292096042885358,-0.16192641416939194,-0.1394554090552387,-0.13433983557401466
2026-08-27,0.09608489088584586,0.03703034035297878,0.0707063856991679,0.07543274066117206
2026-08-28,0.16568741793905595,0.11120350035571577,0.14115946136295077,0.1487307180022177
2026-08-31,0.18048845770245253,0.19189727265825135,0.19260350901085058,0.19053008680589728
2026-09-01,0.08761103849407714,0.11582677438433989,0.1004306914183235,0.09860760003861789
2026-09-02,0.08949585318427704,0.16247259488800342,0.1253468678191802,0.11909336062830936
2026-09-03,-0.1079492855983467,-0.10855405052007615,-0.11674519887504677,-0.11523044664591424
2026-09-04,-0.09119330227653792,-0.06700663534118251,-0.08316435239303098,-0.08555278419065991
2026-09-08,0.018928201323093415,0.048209376461645026,0.037270570988530524,0.03462347086739347
2026-09-09,0.09918453875895092,0.13443291534229132,0.12639863851094463,0.1232478800756958
